district_name,state_name,confidence_tier,Overall_MAI,Rank_Overall,Chronic_MAI,Rank_Chronic,Acute_MAI,Rank_Acute
KUPWARA,JAMMU KASHMIR,MEDIUM,17.36539274123131,595,17.069120959024715,585,22.544784337089986,565
BADGAM,JAMMU KASHMIR,LOW,22.620964063118596,569,27.855995316685817,498,25.290058334468924,535
LEH LADAKH,JAMMU KASHMIR,LOW,24.97600952398474,548,23.23725400893612,544,28.310628063049297,510
KARGIL,JAMMU KASHMIR,LOW,22.67665354688835,568,20.111663676428403,567,25.903288708998932,531
PUNCH,JAMMU KASHMIR,LOW,16.786563167805117,599,21.43312013352439,559,21.1535382024204,573
RAJOURI,JAMMU KASHMIR,MEDIUM,23.980855156052925,557,23.533161022978394,539,30.356053059982052,495
KATHUA,JAMMU KASHMIR,MEDIUM,32.073393147678416,485,36.029216517393216,410,33.46665098180382,480
BARAMULA,JAMMU KASHMIR,LOW,25.07956950049281,546,27.159555607717113,503,29.806201914976622,499
BANDIPORE,JAMMU KASHMIR,MEDIUM,14.095948197879327,618,14.813938475352675,599,18.609099781491683,584
SRINAGAR,JAMMU KASHMIR,MEDIUM,43.135094250232875,337,53.41661997798904,215,49.13246589465599,314
GANDERBAL,JAMMU KASHMIR,MEDIUM,16.954162128999396,597,18.92965153855721,573,21.354637711738057,572
PULWAMA,JAMMU KASHMIR,MEDIUM,27.0005285403171,530,32.04796442772617,459,33.72790056353357,478
SHUPIYAN,JAMMU KASHMIR,LOW,12.42982395983866,621,15.226547353356906,596,16.667882145746457,593
ANANTNAG,JAMMU KASHMIR,MEDIUM,23.860347528115415,560,25.3488772779174,519,25.077974860427265,538
KULGAM,JAMMU KASHMIR,MEDIUM,20.73960431723532,582,18.9156492845481,574,23.67146624277759,556
DODA,JAMMU KASHMIR,MEDIUM,15.274215231394958,608,17.277855245547542,584,14.669799261806778,602
RAMBAN,JAMMU KASHMIR,MEDIUM,16.75443442769575,600,16.93778337685577,588,20.996542924317882,575
KISHTWAR,JAMMU KASHMIR,MEDIUM,7.57871392670307,635,7.520956984283156,632,11.444495648845004,613
UDHAMPUR,JAMMU KASHMIR,MEDIUM,23.39763678131642,563,26.419155427075292,507,24.11128080693803,550
REASI,JAMMU KASHMIR,MEDIUM,20.19867380397914,585,16.944448850703022,587,24.762493800185254,544
JAMMU,JAMMU KASHMIR,MEDIUM,54.1699480347536,200,59.269617564429986,158,59.51070877402316,195
SAMBA,JAMMU KASHMIR,MEDIUM,42.12235311781581,355,49.64114947280949,257,50.746547160851385,294
CHAMBA,HIMACHAL PRADESH,MEDIUM,19.65823432209842,586,17.993274289260768,579,14.315176092721622,606
KANGRA,HIMACHAL PRADESH,MEDIUM,42.44994148237986,348,38.61834130843131,380,33.99908554563809,474
LAHUL SPITI,HIMACHAL PRADESH,MEDIUM,10.029680371700742,628,16.707844717330744,591,7.6851503768121745,621
KULLU,HIMACHAL PRADESH,MEDIUM,20.74967143470012,581,19.603322067429538,570,16.44352023130341,594
MANDI,HIMACHAL PRADESH,MEDIUM,33.32052436669041,467,31.773117058087813,461,25.857679812028977,532
HAMIRPUR,HIMACHAL PRADESH,MEDIUM,33.34282477069389,463,38.4755676922009,385,23.22090868195267,562
UNA,HIMACHAL PRADESH,MEDIUM,36.588012974543915,421,45.15381120631472,303,26.979915206610876,519
BILASPUR,HIMACHAL PRADESH,MEDIUM,29.711252771830477,509,33.711710756676496,438,21.359074231458592,571
SOLAN,HIMACHAL PRADESH,MEDIUM,37.94255361440487,408,47.65166489567582,275,28.75885160956695,504
SIRMAUR,HIMACHAL PRADESH,MEDIUM,25.581240841449354,540,26.296251616673832,509,19.505270345632635,579
SHIMLA,HIMACHAL PRADESH,MEDIUM,29.61433084213888,510,30.454809994527405,479,22.062832280593884,569
KINNAUR,HIMACHAL PRADESH,MEDIUM,12.023621040479869,623,17.057761806790314,586,8.883939230982639,619
GURDASPUR,PUNJAB,HIGH,52.286779605197864,220,64.06423696086688,108,44.481389997762335,363
KAPURTHALA,PUNJAB,HIGH,52.05898171090292,223,68.41588609826628,83,45.355334268696076,354
JALANDHAR,PUNJAB,HIGH,65.9008319229362,93,81.50260952369605,23,60.288615599071115,187
HOSHIARPUR,PUNJAB,HIGH,51.2235840315787,240,59.98245290220626,148,41.82759970176099,391
SHAHID BHAGAT SINGH NAGAR,PUNJAB,MEDIUM,42.0362435537116,356,57.30918059916744,177,36.00257765868709,459
FATEHGARH SAHIB,PUNJAB,HIGH,43.518993447447016,332,64.85125801323156,102,36.630237851030685,448
LUDHIANA,PUNJAB,HIGH,77.58851659342018,28,89.83301902494816,6,73.21583093760478,63
MOGA,PUNJAB,HIGH,38.7050381088238,404,60.31984232802519,146,30.928623189076394,492
FIROZPUR,PUNJAB,MEDIUM,45.04889013575541,311,60.767481106774405,142,36.58182692570236,451
MUKTSAR,PUNJAB,LOW,50.33572452765127,252,59.416945775399256,156,47.79630356610689,330
FARIDKOT,PUNJAB,HIGH,33.63876459407032,460,54.12275688105639,210,26.967555740327175,520
BATHINDA,PUNJAB,HIGH,54.81821327132942,191,70.94597156111219,63,56.06067057550342,235
MANSA,PUNJAB,MEDIUM,40.42472901057597,381,51.51820081830305,238,40.52781491356925,409
PATIALA,PUNJAB,HIGH,67.79602384794711,75,79.75585412041085,30,65.50238899323374,129
AMRITSAR,PUNJAB,HIGH,61.967881614481925,122,75.86445488089763,49,57.10631131486078,224
TARN TARAN,PUNJAB,MEDIUM,49.19162955875166,263,61.17232651578482,138,47.37547299242736,336
RUPNAGAR,PUNJAB,HIGH,45.48070776945326,307,61.65887233267069,133,38.30603138645777,431
SAHIBZADA AJIT SINGH NAGAR,PUNJAB,LOW,61.686146890937586,125,74.01767242583416,53,61.31763163400238,170
SANGRUR,PUNJAB,HIGH,52.55015042188219,218,64.3795836436487,105,45.92874349220358,349
BARNALA,PUNJAB,MEDIUM,41.81624074096296,361,57.90891680346263,166,39.67042769342322,412
CHANDIGARH,CHANDIGARH,HIGH,68.10630206912923,72,85.96180061328526,12,56.918768612937576,230
UTTARKASHI,UTTARAKHAND,LOW,26.061767350929564,538,31.32697319181305,464,24.624816513715068,545
CHAMOLI,UTTARAKHAND,HIGH,29.40988815940495,514,23.54267717723181,538,28.751659373288202,505
RUDRAPRAYAG,UTTARAKHAND,LOW,27.807435857071976,525,34.07438212913055,431,27.32006447852653,517
TEHRI GARHWAL,UTTARAKHAND,HIGH,33.83011735634109,455,28.54941027752926,490,35.925308696577886,460
DEHRADUN,UTTARAKHAND,HIGH,70.23336330353145,56,74.5519515235026,52,73.85165924143763,57
GARHWAL,UTTARAKHAND,LOW,36.46122332769,422,36.201981543523175,408,37.02576293918964,440
PITHORAGARH,UTTARAKHAND,HIGH,26.654529520684004,533,24.212402378767703,530,20.847947943068526,576
BAGESHWAR,UTTARAKHAND,MEDIUM,26.534317132031077,535,24.99400727467495,523,23.52831852408264,558
ALMORA,UTTARAKHAND,HIGH,32.67346839602711,481,26.19563325878293,510,35.13246104596733,467
CHAMPAWAT,UTTARAKHAND,HIGH,20.36161099213847,584,23.717295992635503,535,12.963911258776905,609
NAINITAL,UTTARAKHAND,HIGH,46.786983039865554,290,44.3060208138402,314,50.035005859930536,301
UDHAM SINGH NAGAR,UTTARAKHAND,MEDIUM,50.145858471587204,254,62.41719908239294,121,51.69837503390414,282
HARDWAR,UTTARAKHAND,HIGH,67.52113146067366,76,75.25440196920336,50,69.97356672715944,86
PANCHKULA,HARYANA,MEDIUM,41.937386367895805,360,59.75762706578045,151,40.77983099094129,403
AMBALA,HARYANA,MEDIUM,51.00118331337996,244,65.76414946987968,96,53.0761576150085,265
YAMUNANAGAR,HARYANA,MEDIUM,51.36233315951777,238,62.06504475616204,128,51.298622772443224,285
KURUKSHETRA,HARYANA,MEDIUM,43.95637070810814,327,59.874819355605105,149,43.680852182066246,371
KAITHAL,HARYANA,MEDIUM,39.72479812893142,391,50.454867428559645,249,40.73778341946985,405
KARNAL,HARYANA,MEDIUM,50.104594144307825,256,61.24230729915931,137,53.70897023962342,259
PANIPAT,HARYANA,MEDIUM,50.986805385283226,245,67.49530096534413,88,51.279609536407044,286
SONIPAT,HARYANA,MEDIUM,52.213222677163074,221,67.68920349659754,87,55.75393647682571,238
JIND,HARYANA,MEDIUM,47.0450795366266,286,52.98273727397954,220,54.16596596666031,254
FATEHABAD,HARYANA,MEDIUM,38.626452904479905,405,47.421244814301275,279,42.594218613158944,384
SIRSA,HARYANA,MEDIUM,41.754382475777376,363,49.96497838033277,254,43.77066582953149,369
HISAR,HARYANA,MEDIUM,51.10214062967942,242,57.07642964935849,180,57.48362813587352,220
BHIWANI,HARYANA,MEDIUM,46.2606655515264,299,52.859367620312746,221,52.29968989061504,271
ROHTAK,HARYANA,MEDIUM,44.55718237625421,317,61.32166748146916,134,47.04314875549187,339
JHAJJAR,HARYANA,MEDIUM,50.977876493604846,246,65.22601513419653,99,56.79195672272538,231
MAHENDRAGARH,HARYANA,MEDIUM,40.79976118520519,375,52.487894492674734,223,44.44003990109317,364
REWARI,HARYANA,MEDIUM,47.95038076189681,278,63.71727228085744,111,50.936712812927986,290
GURGAON,HARYANA,LOW,60.34461356381509,129,72.61673658429147,59,62.9036296365598,153
MEWAT,HARYANA,LOW,41.954377582726984,359,52.98584594046353,219,49.4562806802393,311
FARIDABAD,HARYANA,MEDIUM,55.991511405092595,176,72.59630080487428,60,57.173625930441716,222
PALWAL,HARYANA,MEDIUM,38.77520326711935,402,54.656456487067686,206,41.73871188939716,393
NORTH WEST,DELHI,MEDIUM,73.79418312557084,44,84.96315112920631,15,76.46593741582797,45
NORTH,DELHI,MEDIUM,77.38714975150664,29,87.99067082074335,9,75.77488847180233,47
NORTH EAST,DELHI,MEDIUM,62.989253299489114,114,82.26517926307653,20,59.516616292584835,194
EAST,DELHI,MEDIUM,72.87454715260108,48,85.76119078409545,13,68.154261233593,101
NEW DELHI,DELHI,MEDIUM,57.20076980500814,161,76.55751090064823,43,55.57073585732707,241
CENTRAL,DELHI,MEDIUM,71.46862132395032,53,87.98602874141676,10,65.8694805739994,125
WEST,DELHI,MEDIUM,82.60153428703161,11,88.235040921555,7,83.21324442917944,19
SOUTH WEST,DELHI,MEDIUM,68.19107720254803,70,80.13883929718912,26,75.0816677842513,48
SOUTH,DELHI,MEDIUM,74.16336902570421,43,83.17055627693493,18,74.07815135870892,55
GANGANAGAR,RAJASTHAN,HIGH,39.099029302450745,398,35.64146333167865,416,47.22483018013967,338
HANUMANGARH,RAJASTHAN,HIGH,34.06300241794074,449,30.028237146146967,480,43.05277424323756,376
BIKANER,RAJASTHAN,HIGH,31.32087579003759,492,23.278734131191257,543,36.902686828132914,445
CHURU,RAJASTHAN,HIGH,39.36372858075237,394,25.81022192055465,516,52.96027980311228,266
JHUNJHUNUN,RAJASTHAN,MEDIUM,40.80941705511963,374,38.51120944052036,383,52.20846198690117,274
ALWAR,RAJASTHAN,HIGH,55.21402438077004,186,55.931937146760156,193,64.73550920563352,138
BHARATPUR,RAJASTHAN,HIGH,43.100015299366795,338,42.16260594759921,338,52.09700760614089,278
DHAULPUR,RAJASTHAN,MEDIUM,25.434348143985414,543,24.822515938349827,524,34.71975752704087,472
KARAULI,RAJASTHAN,HIGH,34.0553006832761,450,33.16415502620766,447,46.90565784489415,341
SAWAI MADHOPUR,RAJASTHAN,HIGH,32.48699571876533,483,29.48690683109546,484,41.76383881613869,392
DAUSA,RAJASTHAN,HIGH,42.53840572996692,347,47.28443701571061,281,52.21038476054131,273
JAIPUR,RAJASTHAN,HIGH,62.68893873029459,118,65.25505922165853,98,72.9246031223095,64
SIKAR,RAJASTHAN,HIGH,53.15911545717826,209,42.9210753660225,330,67.95177591582755,103
NAGAUR,RAJASTHAN,HIGH,46.65592576224828,294,31.0583126026378,468,62.6770823267851,154
JODHPUR,RAJASTHAN,HIGH,47.059917138150055,285,39.09284819395479,377,61.07125612478564,172
JAISALMER,RAJASTHAN,HIGH,10.491813726400204,626,7.34889587192681,634,19.14152775312402,581
BARMER,RAJASTHAN,HIGH,31.505420063994542,490,15.901285137537974,592,45.689200772268244,350
JALOR,RAJASTHAN,MEDIUM,29.38400153956303,515,21.994711961527084,556,40.6669759095881,406
SIROHI,RAJASTHAN,HIGH,27.4643954405477,528,24.30706666783996,529,37.584500166797255,436
PALI,RAJASTHAN,HIGH,37.73701284082646,413,28.064752059311044,495,47.853707179257086,329
AJMER,RAJASTHAN,HIGH,51.2742388947938,239,43.20407269781329,326,63.561997180241036,149
TONK,RAJASTHAN,HIGH,30.736340921753722,496,24.384828941172348,528,38.47035293084357,429
BUNDI,RAJASTHAN,HIGH,25.538566320765373,541,23.693842518255398,536,28.623121048219758,508
BHILWARA,RAJASTHAN,HIGH,39.35833372942151,395,35.26300119810712,418,44.54843553034773,361
RAJSAMAND,RAJASTHAN,HIGH,36.278783953458216,425,34.61895229641358,425,47.28354877704612,337
DUNGARPUR,RAJASTHAN,HIGH,28.398323443947387,522,18.021853858435204,578,42.78662325956428,380
BANSWARA,RAJASTHAN,HIGH,31.10863209142073,493,22.532952949034133,552,42.10357300894588,388
CHITTAURGARH,RAJASTHAN,MEDIUM,34.436415052987066,448,34.33550437348566,429,42.07730218500858,389
KOTA,RAJASTHAN,HIGH,53.35604588707945,208,56.558196871874586,185,60.53412206565106,181
BARAN,RAJASTHAN,HIGH,34.79916990538425,445,29.71779149844101,483,43.102314784855956,375
JHALAWAR,RAJASTHAN,HIGH,33.339586222468014,464,27.50683295109091,500,37.257776256265245,438
UDAIPUR,RAJASTHAN,HIGH,45.15070481018413,309,32.95707120347205,451,55.5393094294631,242
PRATAPGARH,RAJASTHAN,HIGH,18.423625050801274,591,13.32330368391094,609,23.416403895498767,560
SAHARANPUR,UTTAR PRADESH,HIGH,58.657344903863375,150,58.705585569240135,162,68.17132491693266,100
MUZAFFARNAGAR,UTTAR PRADESH,HIGH,54.17196459120704,199,56.33266609352604,188,60.96234733491769,174
BIJNOR,UTTAR PRADESH,HIGH,46.691653061991296,293,42.583504622358184,334,49.00757201049686,316
MORADABAD,UTTAR PRADESH,HIGH,51.68379269888186,230,53.66935408995486,213,58.29829148412598,209
RAMPUR,UTTAR PRADESH,HIGH,44.72844463324452,313,48.78663964865474,265,50.125689437292976,299
JYOTIBA PHULE NAGAR,UTTAR PRADESH,LOW,46.741596033348614,291,48.093711447553,270,54.63987639321931,248
MEERUT,UTTAR PRADESH,HIGH,61.08404438747335,128,66.59680347439334,92,68.4025319158068,98
BAGHPAT,UTTAR PRADESH,HIGH,35.233202359060215,439,49.56208589224154,258,44.136805588191926,368
GHAZIABAD,UTTAR PRADESH,HIGH,63.06760034436919,113,70.1095901247769,71,72.70148039599403,67
GAUTAM BUDDHA NAGAR,UTTAR PRADESH,MEDIUM,58.48039620832576,151,72.4999582144378,61,64.96373440597188,134
BULANDSHAHR,UTTAR PRADESH,HIGH,56.84735771804311,165,57.46697380874372,174,69.07184077307676,94
ALIGARH,UTTAR PRADESH,HIGH,59.81392377816156,137,57.079712497665305,179,73.62365112322313,58
MAHAMAYA NAGAR,UTTAR PRADESH,LOW,51.19608688511046,241,51.69766180680132,236,61.408640267891,167
MATHURA,UTTAR PRADESH,HIGH,52.105230779455646,222,54.75732394241161,203,67.30216549555901,112
AGRA,UTTAR PRADESH,HIGH,65.30824978365688,98,65.42238257488671,97,79.53149710447087,31
FIROZABAD,UTTAR PRADESH,HIGH,59.09426442635692,142,59.46932896943415,155,71.16464984064478,78
MAINPURI,UTTAR PRADESH,HIGH,40.25896341875212,383,47.64460446378586,276,51.780171329550996,281
BUDAUN,UTTAR PRADESH,HIGH,44.59736916499205,315,41.74387969076873,346,51.11185426619599,288
BAREILLY,UTTAR PRADESH,HIGH,56.93609462086301,164,56.00236052708083,192,63.95273852829079,146
PILIBHIT,UTTAR PRADESH,HIGH,33.333785131881626,465,29.065748445082868,487,35.266595667330215,465
SHAHJAHANPUR,UTTAR PRADESH,HIGH,42.14662093916548,354,43.7822341794469,319,49.93746547421928,304
KHERI,UTTAR PRADESH,HIGH,50.08339258073019,258,37.67738775127032,392,60.644898035236736,178
SITAPUR,UTTAR PRADESH,HIGH,50.73519514941333,250,44.349670868197975,311,59.61430058412067,192
HARDOI,UTTAR PRADESH,HIGH,42.57475722562315,345,39.47382178521231,372,49.920832129413526,305
UNNAO,UTTAR PRADESH,HIGH,38.83911128452936,400,40.264516540801495,362,48.10990302488171,325
LUCKNOW,UTTAR PRADESH,HIGH,69.87696838471832,59,71.37425980074642,62,82.67302393438676,20
RAE BARELI,UTTAR PRADESH,HIGH,44.35064496705986,323,46.82526778378573,285,54.55246246979974,250
FARRUKHABAD,UTTAR PRADESH,HIGH,34.52495063215591,446,40.091099650467136,365,43.116466249677245,374
KANNAUJ,UTTAR PRADESH,MEDIUM,40.66106373192762,377,45.35949554318371,300,51.93653626037937,280
ETAWAH,UTTAR PRADESH,HIGH,43.61370385333927,330,51.76240392345718,235,54.09524823939166,255
AURAIYA,UTTAR PRADESH,HIGH,34.94250398754076,443,47.284500421316764,280,44.260468477216406,367
KANPUR DEHAT,UTTAR PRADESH,HIGH,32.7059357952608,480,42.060066720001366,340,40.15053653108091,411
KANPUR NAGAR,UTTAR PRADESH,HIGH,66.36051689405676,89,70.76738143799788,66,78.09497283491476,42
JALAUN,UTTAR PRADESH,HIGH,37.40925374326437,416,37.475895286936435,395,44.372758564319255,365
JHANSI,UTTAR PRADESH,HIGH,48.19220319783055,272,51.050000942032305,242,57.750083285250916,216
LALITPUR,UTTAR PRADESH,HIGH,23.905642120271697,559,22.54302393658241,551,27.44639304364141,516
HAMIRPUR,UTTAR PRADESH,HIGH,30.25611441419791,501,25.9018682715787,514,36.92466079094018,443
MAHOBA,UTTAR PRADESH,MEDIUM,29.87328345340337,506,32.19855415001533,456,36.90866268419897,444
BANDA,UTTAR PRADESH,HIGH,31.339332917501107,491,28.24425558395805,492,40.65763336658601,407
CHITRAKOOT,UTTAR PRADESH,MEDIUM,29.560282898573064,511,28.06153897088692,496,36.778508553238744,447
FATEHPUR,UTTAR PRADESH,HIGH,44.487191411097385,319,44.68841707311956,308,52.20202846115939,277
PRATAPGARH,UTTAR PRADESH,MEDIUM,51.07539924699852,243,48.17117521462384,268,64.99327675302393,133
KAUSHAMBI,UTTAR PRADESH,MEDIUM,35.39330696891012,437,39.45143345733009,373,44.48604858307995,362
ALLAHABAD,UTTAR PRADESH,LOW,55.677652414337416,178,55.70424153256282,195,65.99778210760985,123
BARA BANKI,UTTAR PRADESH,LOW,48.584463207534995,268,46.85453186552287,284,58.53113611333105,207
FAIZABAD,UTTAR PRADESH,LOW,49.02724940274459,264,47.88878973276037,273,60.74610776287789,177
AMBEDKAR NAGAR,UTTAR PRADESH,HIGH,42.34277808542994,351,49.7501409770125,256,51.224799989143044,287
SULTANPUR,UTTAR PRADESH,HIGH,49.663689387035795,261,53.485389538468375,214,58.106367062563905,214
BAHRAICH,UTTAR PRADESH,HIGH,44.14714146269378,326,32.92941035917241,452,57.027037789280314,225
SHRAWASTI,UTTAR PRADESH,MEDIUM,21.166027656382905,577,26.331331077456284,508,26.54813624973623,523
BALRAMPUR,UTTAR PRADESH,HIGH,33.72791701263018,458,23.378319294085607,541,45.260128908523065,355
GONDA,UTTAR PRADESH,HIGH,45.42971581281606,308,39.78072972240008,368,60.41153303586185,185
SIDDHARTHNAGAR,UTTAR PRADESH,LOW,39.933473955309466,386,38.604354732877965,381,50.80154042698991,292
BASTI,UTTAR PRADESH,HIGH,48.27675749682617,271,44.945115862285455,306,60.56032087712884,180
SANT KABIR NAGAR,UTTAR PRADESH,MEDIUM,35.66015156193284,432,39.322055445847525,375,41.71198021843552,394
MAHRAJGANJ,UTTAR PRADESH,HIGH,42.84721131325513,342,39.48469309794248,371,49.60299207040974,309
GORAKHPUR,UTTAR PRADESH,HIGH,63.19885445655817,112,62.97154705675405,117,74.37046737683582,51
KUSHINAGAR,UTTAR PRADESH,MEDIUM,43.68292092941654,329,47.17581911956881,282,54.085949254059265,256
DEORIA,UTTAR PRADESH,HIGH,58.799173962870185,148,56.076708175312184,191,74.08252558061665,54
AZAMGARH,UTTAR PRADESH,HIGH,60.02979151208715,131,56.238587249496376,190,74.24227398915254,52
MAU,UTTAR PRADESH,HIGH,51.46168030891381,233,59.68926478693065,154,59.28355492072084,199
BALLIA,UTTAR PRADESH,HIGH,55.92487793424718,177,58.008172456927085,165,69.19032122768125,93
JAUNPUR,UTTAR PRADESH,HIGH,52.69784018167949,214,53.378075157001525,216,63.163751124103015,150
GHAZIPUR,UTTAR PRADESH,HIGH,51.4055831221615,236,55.31673856145135,197,62.567951393612034,155
CHANDAULI,UTTAR PRADESH,MEDIUM,44.81905948942206,312,47.83890512344381,274,59.735469536146965,191
VARANASI,UTTAR PRADESH,HIGH,67.09321550051199,80,68.6137842691322,81,78.81358369943655,34
SANT RAVIDAS NAGAR BHADOHI,UTTAR PRADESH,LOW,50.113168245245575,255,52.345070614848545,226,61.03461581666166,173
MIRZAPUR,UTTAR PRADESH,HIGH,43.219568054317186,335,46.05202058880184,292,51.969411570223336,279
SONBHADRA,UTTAR PRADESH,HIGH,31.77451181116246,487,34.06745843993021,432,42.879248696571004,379
ETAH,UTTAR PRADESH,HIGH,41.003566194640165,371,42.93890205579473,329,52.20226917933907,276
KANSHIRAM NAGAR,UTTAR PRADESH,LOW,42.37517598101986,350,41.85926819984787,342,52.8763598267713,267
PASHCHIM CHAMPARAN,BIHAR,MEDIUM,45.48321779093409,306,37.53453588047789,394,58.48916950206902,208
PURBA CHAMPARAN,BIHAR,MEDIUM,55.2283918732152,185,48.31070776868417,267,73.38485935196499,62
SHEOHAR,BIHAR,MEDIUM,33.18763256730926,468,38.44176397614414,387,46.57107500904255,343
SITAMARHI,BIHAR,MEDIUM,46.2991290252664,297,42.60443984384526,333,63.586881380358165,148
MADHUBANI,BIHAR,MEDIUM,54.72386752812044,193,47.430972279034975,278,70.02588868019308,85
SUPAUL,BIHAR,MEDIUM,41.05793048211987,370,35.06057044178082,420,56.950256084116525,228
ARARIA,BIHAR,MEDIUM,41.06684697717686,369,33.60288778737015,439,52.72206739481396,268
KISHANGANJ,BIHAR,MEDIUM,32.71415542840292,479,25.787112034427995,517,38.515253568580434,428
PURNIA,BIHAR,MEDIUM,51.44317460831931,235,45.85162950649599,293,60.11267601860627,188
KATIHAR,BIHAR,MEDIUM,44.48869212725609,318,37.14212145545702,398,55.91229225294776,237
MADHEPURA,BIHAR,MEDIUM,35.883723859920686,430,35.394380645765985,417,48.1973737570759,324
SAHARSA,BIHAR,MEDIUM,35.944239512057436,428,36.621478467440184,403,49.662334987719156,308
DARBHANGA,BIHAR,MEDIUM,56.06206782686477,175,50.4625719746212,248,69.94437173834024,87
MUZAFFARPUR,BIHAR,MEDIUM,56.828134633353635,166,53.80845222970997,212,71.8245911966838,74
GOPALGANJ,BIHAR,MEDIUM,47.02615493704903,287,45.051914911540386,304,64.85734274762275,135
SIWAN,BIHAR,MEDIUM,53.64001977368387,205,51.853588515075,232,70.89813674899418,81
SARAN,BIHAR,MEDIUM,51.99285381506977,226,51.773996614591624,234,67.84461232956342,104
VAISHALI,BIHAR,MEDIUM,52.032089640350385,224,51.88404915779918,231,66.72752637084909,117
SAMASTIPUR,BIHAR,MEDIUM,52.87719386836888,210,46.88414647111392,283,68.81193126112748,96
BEGUSARAI,BIHAR,MEDIUM,51.36623880946196,237,49.53287499527608,259,69.47122415627432,91
KHAGARIA,BIHAR,MEDIUM,35.62877018747392,434,37.224451408883134,397,45.587899339928505,352
BHAGALPUR,BIHAR,MEDIUM,45.619641213621755,305,44.70650117935779,307,61.84188703613987,161
BANKA,BIHAR,MEDIUM,33.04579936736985,470,32.127579534804354,458,43.692053142381184,370
MUNGER,BIHAR,MEDIUM,39.74951337881005,390,45.425750338849376,298,47.783582506168706,331
LAKHISARAI,BIHAR,MEDIUM,29.181555865527077,517,34.015083917465546,433,41.42566228428568,397
SHEIKHPURA,BIHAR,MEDIUM,28.084762995010276,523,35.681458513676745,415,39.56291271809418,416
NALANDA,BIHAR,MEDIUM,44.457750914755366,321,43.53044116500466,323,60.36162534858433,186
PATNA,BIHAR,MEDIUM,64.29664665441621,104,62.28323170154587,123,78.71752695344225,35
BHOJPUR,BIHAR,MEDIUM,43.14942257396272,336,43.57974589327897,322,59.61259151872949,193
BUXAR,BIHAR,MEDIUM,32.786572748589826,478,36.5060764156358,405,46.540910271510484,344
KAIMUR BHABUA,BIHAR,MEDIUM,24.81909109767891,549,27.26276180096378,501,36.0952589732139,457
ROHTAS,BIHAR,MEDIUM,40.273054298585855,382,41.16198117965938,354,52.20541874114254,275
AURANGABAD,BIHAR,MEDIUM,41.40717849487117,366,41.177030777279526,353,57.555364285008324,217
GAYA,BIHAR,MEDIUM,48.008125620310565,277,45.307734603147686,301,65.55582974959407,127
NAWADA,BIHAR,MEDIUM,34.46636523110546,447,33.14508380459918,448,44.354524082451874,366
JAMUI,BIHAR,MEDIUM,29.114243671431566,518,29.048205470472553,488,40.86638475387428,402
JEHANABAD,BIHAR,MEDIUM,33.831753997961286,454,39.32054676311743,376,48.566996619605234,320
ARWAL,BIHAR,MEDIUM,29.317522547643815,516,36.2037431796299,407,41.60286118623652,395
NORTH DISTRICT,SIKKIM,MEDIUM,15.219236774852432,609,12.305021148660328,619,11.20720960249724,614
WEST DISTRICT,SIKKIM,MEDIUM,14.993804659903434,611,12.435879557630559,618,11.053193712479985,616
SOUTH DISTRICT,SIKKIM,MEDIUM,20.48656401271952,583,19.3701591003982,571,16.066164518323014,597
EAST DISTRICT,SIKKIM,MEDIUM,24.47363849855337,553,23.375578858639752,542,18.52309736865839,587
TAWANG,ARUNACHAL PRADESH,MEDIUM,19.587111583447996,587,12.193964841957229,621,18.477842371902035,588
WEST KAMENG,ARUNACHAL PRADESH,MEDIUM,24.63372703542011,551,14.681768118350169,604,23.699047961970923,555
EAST KAMENG,ARUNACHAL PRADESH,MEDIUM,23.320181087832953,565,12.254948944895714,620,22.603084066313283,564
PAPUM PARE,ARUNACHAL PRADESH,MEDIUM,30.416660718089666,499,22.443459106422566,554,28.01267081754815,514
UPPER SUBANSIRI,ARUNACHAL PRADESH,MEDIUM,25.385641261823782,544,12.569034505963739,616,26.464268953210073,526
WEST SIANG,ARUNACHAL PRADESH,MEDIUM,24.7002056509531,550,13.859757086393646,607,23.243395324589738,561
EAST SIANG,ARUNACHAL PRADESH,MEDIUM,26.80335278303903,532,16.932902459447437,589,25.17015681342043,536
UPPER SIANG,ARUNACHAL PRADESH,MEDIUM,24.216180521887562,555,11.70276536431649,622,24.026805992778385,552
CHANGLANG,ARUNACHAL PRADESH,MEDIUM,22.714948505900146,567,17.531872000766878,582,19.113563398815813,582
TIRAP,ARUNACHAL PRADESH,MEDIUM,19.08758365722131,589,11.555183714250132,623,14.870078638294594,601
LOWER SUBANSIRI,ARUNACHAL PRADESH,MEDIUM,26.805637769490303,531,16.74396741006333,590,25.658551324774166,533
KURUNG KUMEY,ARUNACHAL PRADESH,MEDIUM,22.287369229727503,571,11.066701440914105,625,22.004694725118522,570
DIBANG VALLEY,ARUNACHAL PRADESH,MEDIUM,24.170908314416135,556,12.535443104059569,617,23.577855928319806,557
LOWER DIBANG VALLEY,ARUNACHAL PRADESH,MEDIUM,25.533795863220355,542,14.790196217305182,600,24.52916095939319,546
LOHIT,ARUNACHAL PRADESH,MEDIUM,22.172956090854882,572,14.892628082794444,597,17.512784664901247,589
ANJAW,ARUNACHAL PRADESH,MEDIUM,21.78067320501416,575,11.163652148722916,624,21.0067485905,574
MON,NAGALAND,HIGH,17.228754633342668,596,8.712980589844888,630,18.60796366822123,585
MOKOKCHUNG,NAGALAND,HIGH,12.343495530658133,622,14.714820030351081,602,7.0377984375797595,625
ZUNHEBOTO,NAGALAND,HIGH,13.074365071719345,619,17.597994411476233,581,7.444115904313282,622
WOKHA,NAGALAND,HIGH,15.57372493608587,607,20.156327270209054,565,7.282849820232608,624
DIMAPUR,NAGALAND,HIGH,20.81658094868846,580,31.0530026669505,469,18.970045298071792,583
PHEK,NAGALAND,HIGH,7.371366866034871,636,13.394953921850286,608,1.5514139896935444,638
TUENSANG,NAGALAND,HIGH,5.778156721611248,637,3.1054146435452243,639,5.5022479894505265,631
LONGLENG,NAGALAND,HIGH,11.246405401357364,624,9.816688444456398,627,6.130806314251306,630
KIPHIRE,NAGALAND,HIGH,0.0,640,0.0,640,0.0,640
KOHIMA,NAGALAND,HIGH,14.485043448267563,616,21.29144807946412,560,7.403254729137975,623
PEREN,NAGALAND,HIGH,5.188096426817481,638,6.573255624705482,637,2.2453253000773,637
SENAPATI,MANIPUR,HIGH,8.464626558157038,633,5.703732435533575,638,12.42736642523799,611
TAMENGLONG,MANIPUR,HIGH,7.794300439697366,634,6.631680662755546,636,6.803828739154176,627
CHURACHANDPUR,MANIPUR,HIGH,14.3325900678952,617,9.454335003279182,628,14.097340586401948,607
BISHNUPUR,MANIPUR,HIGH,26.553000213774602,534,30.635709529102844,475,23.82602747544831,554
THOUBAL,MANIPUR,HIGH,31.60213388884381,489,37.33115136542434,396,28.595903170334324,509
IMPHAL WEST,MANIPUR,HIGH,54.17421715935785,198,70.48373591163883,67,48.87546021559406,318
IMPHAL EAST,MANIPUR,HIGH,40.11635193314931,385,51.971618906720515,229,36.28290947281816,456
UKHRUL,MANIPUR,HIGH,4.780258933687694,639,6.9852093145618745,635,2.724002130956546,635
CHANDEL,MANIPUR,HIGH,8.523773919362423,632,7.813623648422382,631,6.864116359561034,626
MAMIT,MIZORAM,HIGH,10.08959650715107,627,10.723889201060704,626,2.799216791391643,634
KOLASIB,MIZORAM,HIGH,15.953889577386676,606,18.23651708933988,577,6.685028855626165,628
AIZAWL,MIZORAM,HIGH,33.15147340582871,469,34.44977224368659,427,20.817433497325435,577
CHAMPHAI,MIZORAM,HIGH,11.22405710237762,625,15.308882438612182,595,2.836425588048201,633
SERCHHIP,MIZORAM,HIGH,8.668020988910673,631,12.814054510075218,612,0.974682105675705,639
LUNGLEI,MIZORAM,HIGH,14.926694111724482,612,14.777829329475797,601,7.8842603714568344,620
LAWNGTLAI,MIZORAM,MEDIUM,9.1184010451589,630,7.424281925135812,633,2.8750318817092055,632
SAIHA,MIZORAM,MEDIUM,9.873459239419544,629,12.778183372239097,613,2.6208688781633622,636
WEST TRIPURA,TRIPURA,HIGH,52.84274957484899,211,62.62132884324658,120,39.57501920087029,415
SOUTH TRIPURA,TRIPURA,HIGH,34.97810727404196,442,35.75199145514218,414,26.449638954961006,527
DHALAI,TRIPURA,HIGH,20.926655403280304,579,12.757713817465799,614,26.279785852156557,529
NORTH TRIPURA,TRIPURA,HIGH,29.465914357191036,512,28.9365323289962,489,24.07687647169226,551
WEST GARO HILLS,MEGHALAYA,HIGH,30.171394808191216,503,22.82929864005012,547,23.484129772912592,559
EAST GARO HILLS,MEGHALAYA,HIGH,19.001200789849847,590,15.41059625873397,594,14.025037592642958,608
SOUTH GARO HILLS,MEGHALAYA,HIGH,16.676458679862407,602,14.682382358200478,603,6.449965106919415,629
WEST KHASI HILLS,MEGHALAYA,HIGH,16.3213533535761,604,8.93931942081314,629,14.623065235759189,603
RIBHOI,MEGHALAYA,LOW,15.113104170446606,610,15.818960819930325,593,15.849638208570155,598
EAST KHASI HILLS,MEGHALAYA,HIGH,40.99614380843573,372,35.78532190657061,412,36.871279316600976,446
JAINTIA HILLS,MEGHALAYA,LOW,14.819436602691674,614,12.600991595350152,615,10.535828479372752,617
KOKRAJHAR,ASSAM,MEDIUM,32.800002544735364,477,22.518028246209425,553,30.83434177802576,493
DHUBRI,ASSAM,MEDIUM,39.63138237772837,392,25.832302274338804,515,38.73096975375912,422
GOALPARA,ASSAM,MEDIUM,36.45753848483636,423,29.479439144931778,485,35.286840139145575,464
BARPETA,ASSAM,MEDIUM,39.76198515860075,389,25.154601781301512,522,35.2599175074292,466
MORIGAON,ASSAM,MEDIUM,30.60843667770267,498,24.801625488812807,525,26.570760510836372,522
NAGAON,ASSAM,MEDIUM,48.32418331273507,270,37.03603636476674,401,42.704594847935454,382
SONITPUR,ASSAM,MEDIUM,42.17883010471492,353,28.003536497466335,497,38.68992105434889,423
LAKHIMPUR,ASSAM,MEDIUM,33.87032179860588,452,24.002989012709822,533,27.796613186833007,515
DHEMAJI,ASSAM,MEDIUM,30.135018670965895,504,19.239948265674492,572,29.879077108691828,498
TINSUKIA,ASSAM,MEDIUM,48.32827013019735,269,44.22913693120127,316,46.50679316306335,345
DIBRUGARH,ASSAM,MEDIUM,47.6429183137836,281,43.4532192981236,325,47.62393863951084,334
SIVASAGAR,ASSAM,MEDIUM,46.33141838970365,296,41.88359508105482,341,39.37351812711321,417
JORHAT,ASSAM,MEDIUM,42.39633299010651,349,35.782525230771014,413,31.730309388705315,489
GOLAGHAT,ASSAM,MEDIUM,41.416559671205604,365,40.3414969807509,361,35.493739084552466,461
KARBI ANGLONG,ASSAM,MEDIUM,29.83160143183464,508,21.251478193871034,561,24.92168039835435,542
DIMA HASAO,ASSAM,MEDIUM,24.593357770197695,552,19.71498607716515,569,16.148821370849912,596
CACHAR,ASSAM,MEDIUM,52.019133870192626,225,41.72539337360327,347,47.73729919222729,332
KARIMGANJ,ASSAM,MEDIUM,43.266674322285084,334,36.36766252623761,406,38.5334356741056,427
HAILAKANDI,ASSAM,MEDIUM,36.92384005986388,420,28.143537783793004,494,34.030762853925886,473
BONGAIGAON,ASSAM,MEDIUM,37.9170497870555,409,32.96474527147613,450,34.78664214442116,471
CHIRANG,ASSAM,MEDIUM,28.7536650815239,519,22.636878898108996,549,26.902402119153123,521
KAMRUP,ASSAM,MEDIUM,47.011222200411105,288,38.91067710689731,378,40.16572410801137,410
KAMRUP METROPOLITAN,ASSAM,LOW,60.056937927529496,130,58.458182807397094,163,56.93296196867952,229
NALBARI,ASSAM,MEDIUM,41.313161548106066,367,34.25648993779759,430,32.48770349487843,485
BAKSA,ASSAM,MEDIUM,32.89113906620159,474,22.256832234761102,555,29.269450768448195,502
DARRANG,ASSAM,MEDIUM,27.256804867121136,529,20.70876388661242,562,22.85828908559929,563
UDALGURI,ASSAM,MEDIUM,33.83768388540063,453,22.721674006977327,548,32.5931319585332,483
DARJILING,WEST BENGAL,MEDIUM,50.758592671885104,248,54.627081479646044,207,46.01115131123398,348
JALPAIGURI,WEST BENGAL,HIGH,54.54452811848645,195,44.6322778707621,309,48.293766559076815,321
KOCH BIHAR,WEST BENGAL,LOW,53.769986049275474,204,52.358881650452446,225,55.66241689912695,239
UTTAR DINAJPUR,WEST BENGAL,MEDIUM,44.586941260373365,316,45.5137612812455,297,44.64431037218452,359
DAKSHIN DINAJPUR,WEST BENGAL,MEDIUM,38.778256234425896,401,41.53414245303219,350,33.642884275380936,479
MALDAH,WEST BENGAL,HIGH,48.095463404529895,275,45.54718874189966,296,44.82559327229321,358
MURSHIDABAD,WEST BENGAL,HIGH,61.452386157148,127,53.35420751139514,217,67.383333704215,111
BIRBHUM,WEST BENGAL,HIGH,55.65746217024387,179,50.20088774343828,251,58.62377490456928,205
BARDDHAMAN,WEST BENGAL,LOW,72.80388055784886,49,70.29429164105238,68,78.20585126053979,41
NADIA,WEST BENGAL,HIGH,66.47683835565637,88,62.306944954025724,122,72.89406250888004,65
NORTH TWENTY FOUR PARGANAS,WEST BENGAL,LOW,69.58536746901821,60,69.35741286261383,76,75.84474322605679,46
HUGLI,WEST BENGAL,LOW,68.0048689297981,73,69.05937726019832,78,71.92420211532554,73
BANKURA,WEST BENGAL,HIGH,60.00063834078685,134,51.88583244787988,230,61.94201356510051,159
PURULIYA,WEST BENGAL,MEDIUM,44.440114065787164,322,43.15599514079509,327,42.78404971124709,381
HAORA,WEST BENGAL,LOW,68.32586810264651,69,70.8296127991013,65,72.24019429051458,70
KOLKATA,WEST BENGAL,HIGH,80.80559566773546,21,88.04247262568458,8,82.51585112017332,21
SOUTH TWENTY FOUR PARGANAS,WEST BENGAL,LOW,67.0142422998009,82,64.27178316189878,106,70.79100225700356,82
PASCHIM MEDINIPUR,WEST BENGAL,MEDIUM,58.034962169979444,156,57.5957682303447,170,59.35345075372277,197
PURBA MEDINIPUR,WEST BENGAL,MEDIUM,67.94939464754792,74,69.67041267894834,74,72.83105004485509,66
GARHWA,JHARKHAND,MEDIUM,14.879739403550637,613,14.884549706115035,598,17.032133212780558,591
CHATRA,JHARKHAND,MEDIUM,16.724466156838112,601,20.118764449892826,566,17.322068375473506,590
KODARMA,JHARKHAND,MEDIUM,22.593625468797452,570,33.242027683625295,446,26.269722064149086,530
GIRIDIH,JHARKHAND,HIGH,27.755328232534087,527,27.60530073733692,499,31.437366915418092,491
DEOGHAR,JHARKHAND,MEDIUM,33.801521993700476,456,42.58264212492769,335,40.60706660383633,408
GODDA,JHARKHAND,MEDIUM,23.954808322591113,558,31.28425666172831,466,24.846447153265387,543
SAHIBGANJ,JHARKHAND,MEDIUM,21.082226924933824,578,26.061905840810194,511,26.301027421446083,528
PAKUR,JHARKHAND,HIGH,14.635807239517536,615,18.700930028751188,576,15.831230960452558,599
DHANBAD,JHARKHAND,HIGH,54.977323129789,189,62.86212086531266,118,57.94056310450988,215
BOKARO,JHARKHAND,HIGH,54.56703297972256,194,57.8642170877107,167,67.2359887996812,113
LOHARDAGA,JHARKHAND,MEDIUM,19.431072500228698,588,25.270379764311446,520,18.554400829501,586
PURBI SINGHBHUM,JHARKHAND,MEDIUM,50.81318325171274,247,55.64839097829876,196,55.37114978680848,243
PALAMU,JHARKHAND,HIGH,22.924902660684392,566,23.445577313593272,540,28.624636052483883,507
LATEHAR,JHARKHAND,MEDIUM,16.05074554191073,605,17.79553730548844,580,15.680467466744789,600
HAZARIBAGH,JHARKHAND,HIGH,32.91391278387832,472,38.44205120975801,386,37.777010146310054,434
RAMGARH,JHARKHAND,MEDIUM,30.724212242564843,497,44.024836557452105,317,32.34766011546223,487
DUMKA,JHARKHAND,HIGH,22.014477378813964,573,19.914961442529552,568,26.517846605352734,524
JAMTARA,JHARKHAND,MEDIUM,23.519515370734354,562,30.56399562418917,476,24.521547063351356,547
RANCHI,JHARKHAND,HIGH,57.16960030929557,162,60.95877608842184,139,65.30113371383479,131
KHUNTI,JHARKHAND,MEDIUM,16.818416384026666,598,20.390377075564135,564,16.434423516705607,595
GUMLA,JHARKHAND,HIGH,13.055829094568766,620,13.95132589900495,606,11.109968692741992,615
SIMDEGA,JHARKHAND,MEDIUM,16.361204774278296,603,17.51491452517507,583,14.51103086280292,604
PASHCHIMI SINGHBHUM,JHARKHAND,MEDIUM,27.813197001542306,524,24.552265420241383,527,33.84738006255209,476
SARAIKELA KHARSAWAN,JHARKHAND,MEDIUM,35.11015228509313,440,43.09112905223017,328,38.91513894347368,420
BARGARH,ODISHA,HIGH,53.89759447144182,203,50.082575008086664,253,50.90602773912739,291
JHARSUGUDA,ODISHA,HIGH,47.22482496361812,284,61.28561271454602,136,41.27644228320958,398
SAMBALPUR,ODISHA,HIGH,48.96745893065533,266,45.19109548306264,302,46.31112327276152,347
DEBAGARH,ODISHA,LOW,42.83434648181415,343,40.10489358726061,364,40.86797089652644,401
SUNDARGARH,ODISHA,HIGH,57.42270096442675,160,51.84154379041118,233,54.93925624791658,245
KENDUJHAR,ODISHA,HIGH,59.083992872388734,143,47.97526553987254,271,58.758827897252154,204
MAYURBHANJ,ODISHA,HIGH,58.94777474203158,146,39.84342575177455,367,56.582248151340686,233
BALESHWAR,ODISHA,HIGH,66.74446275036252,86,64.60023970330138,104,69.04439910640329,95
BHADRAK,ODISHA,HIGH,54.857252215921335,190,56.92024325624434,181,53.34152371716486,261
KENDRAPARA,ODISHA,MEDIUM,56.60298743577579,169,56.693599957952934,183,55.64819188990485,240
JAGATSINGHAPUR,ODISHA,HIGH,64.54029321152174,102,76.03565752252779,48,69.8694826970487,88
CUTTACK,ODISHA,HIGH,81.12333319327979,18,76.82023380774623,40,87.09858071669917,12
JAJAPUR,ODISHA,HIGH,74.91204125115895,40,80.44642482554235,25,73.40383625206042,61
DHENKANAL,ODISHA,HIGH,58.79182363743243,149,55.08099535373475,199,62.35484411785045,158
ANUGUL,ODISHA,HIGH,56.54255381550107,171,55.73622821375206,194,57.546392655294,218
NAYAGARH,ODISHA,HIGH,45.89306621406023,301,41.745904592234645,345,39.343962685587094,418
KHORDHA,ODISHA,HIGH,81.56547491119971,15,83.09328889544962,19,85.28839494683297,14
PURI,ODISHA,HIGH,61.89769046238107,123,66.98801255111152,90,58.19806028387774,212
GANJAM,ODISHA,HIGH,70.25178599716017,55,57.28512689822109,178,71.69036620143888,75
GAJAPATI,ODISHA,HIGH,24.39656415936263,554,22.608300391792937,550,12.762840689443278,610
KANDHAMAL,ODISHA,MEDIUM,42.00645197112565,358,31.70904070118147,462,36.56208231820019,452
BAUDH,ODISHA,MEDIUM,33.6173686838665,462,33.345709440949776,444,25.12128070980045,537
SUBARNAPUR,ODISHA,LOW,38.973369775648905,399,41.040362425635195,356,38.075608315755346,433
BALANGIR,ODISHA,HIGH,54.14706311456419,201,46.79300549277025,286,50.78467335806748,293
NUAPADA,ODISHA,HIGH,26.11161050884493,537,23.724750308220273,534,20.413552211255293,578
KALAHANDI,ODISHA,HIGH,42.01152596714992,357,30.885326519709434,472,35.46319104095185,462
RAYAGADA,ODISHA,HIGH,32.669949290033074,482,25.960483669609225,513,24.96270777937496,541
NABARANGAPUR,ODISHA,MEDIUM,33.622803680533266,461,31.323271339756424,465,31.552106758272437,490
KORAPUT,ODISHA,HIGH,37.67605273692619,414,30.53791991368061,477,28.72981875576456,506
MALKANGIRI,ODISHA,HIGH,29.87150637023764,507,18.882863063423347,575,28.25916651898565,511
KORIYA,CHHATTISGARH,LOW,28.491746977216653,520,28.28814950622102,491,27.171827367279455,518
SURGUJA,CHHATTISGARH,MEDIUM,25.05784370513356,547,21.826305911596393,558,25.336442278609823,534
JASHPUR,CHHATTISGARH,MEDIUM,23.705138750987086,561,24.5670966530673,526,23.904448723357945,553
RAIGARH,CHHATTISGARH,MEDIUM,45.86613602266612,302,42.45048554874704,337,53.59874436933736,260
KORBA,CHHATTISGARH,MEDIUM,46.70447993953484,292,49.22272418544345,264,41.186150387484425,400
JANJGIR CHAMPA,CHHATTISGARH,LOW,36.30597599629533,424,39.50104735202057,369,42.074077167452884,390
BILASPUR,CHHATTISGARH,MEDIUM,42.895507945153064,341,44.97071993067794,305,50.649306401359716,296
KABEERDHAM,CHHATTISGARH,LOW,36.196468326258746,426,33.73997018778772,437,36.341255723313296,455
RAJNANDGAON,CHHATTISGARH,MEDIUM,40.621774776471916,378,34.99510001797667,422,42.905601373847624,378
DURG,CHHATTISGARH,MEDIUM,56.97174438205999,163,57.617431416997654,169,59.50138119041593,196
RAIPUR,CHHATTISGARH,MEDIUM,56.62974496708518,168,54.57844816356185,208,59.25490901682268,200
MAHASAMUND,CHHATTISGARH,MEDIUM,35.622272583953404,435,35.997035601816215,411,39.61194437625007,414
DHAMTARI,CHHATTISGARH,MEDIUM,33.94059047675362,451,31.601517488673714,463,34.842931448494525,470
UTTAR BASTAR KANKER,CHHATTISGARH,LOW,30.188531199386926,502,32.13242383677794,457,25.026305780026593,539
BASTAR,CHHATTISGARH,MEDIUM,32.868053514268766,475,22.858057514449282,546,37.37021543460982,437
NARAYANPUR,CHHATTISGARH,MEDIUM,17.676357903732363,593,13.262095945849332,610,16.896858920569382,592
DAKSHIN BASTAR DANTEWADA,CHHATTISGARH,LOW,23.334050606080968,564,24.14415814298446,531,22.32159577453695,567
BIJAPUR,CHHATTISGARH,MEDIUM,21.80927682370124,574,12.944054303046862,611,24.979194851436503,540
SHEOPUR,MADHYA PRADESH,HIGH,18.156048185463334,592,21.975064291520887,557,11.53357416559119,612
MORENA,MADHYA PRADESH,HIGH,43.40216129500599,333,42.68790010537332,332,48.000172006403695,327
BHIND,MADHYA PRADESH,HIGH,41.08598976242308,368,44.493107391092614,310,45.072021541141126,356
GWALIOR,MADHYA PRADESH,HIGH,65.5523933224832,95,68.97312834519654,79,67.78560662175678,106
DATIA,MADHYA PRADESH,HIGH,35.2345053483544,438,43.66362515469713,321,36.99633268543954,441
SHIVPURI,MADHYA PRADESH,HIGH,29.442415480940674,513,30.642121116669855,474,24.47037489137302,548
TIKAMGARH,MADHYA PRADESH,HIGH,32.89276376019834,473,39.43649642037351,374,30.420994944933575,494
CHHATARPUR,MADHYA PRADESH,HIGH,46.20394131623382,300,43.49985807535607,324,46.80698485371871,342
PANNA,MADHYA PRADESH,HIGH,26.518601052476647,536,25.552004557991225,518,22.23912651631663,568
SAGAR,MADHYA PRADESH,HIGH,58.158608836471245,154,51.30108123388042,240,54.35602838221383,253
DAMOH,MADHYA PRADESH,HIGH,38.76860137654744,403,38.483570460148236,384,29.974210820862098,497
SATNA,MADHYA PRADESH,HIGH,54.067058187796476,202,51.442720996594296,239,52.51644336302861,270
REWA,MADHYA PRADESH,HIGH,47.240727249815436,282,50.58293394043266,247,51.315086892833115,284
UMARIA,MADHYA PRADESH,HIGH,17.37733607987644,594,24.018159288276262,532,9.845426828268385,618
NEEMUCH,MADHYA PRADESH,HIGH,39.62373744191223,393,40.51143665273719,359,38.9337228805131,419
MANDSAUR,MADHYA PRADESH,HIGH,47.936822451952345,280,42.811397730990386,331,49.957917934331306,303
RATLAM,MADHYA PRADESH,HIGH,51.77692159941438,228,50.62603205420344,246,54.690366000767845,247
UJJAIN,MADHYA PRADESH,HIGH,64.0792735418955,106,60.476052220060986,145,65.93615890496878,124
SHAJAPUR,MADHYA PRADESH,HIGH,42.312740369169276,352,37.10632798060619,400,42.43417564028029,385
DEWAS,MADHYA PRADESH,HIGH,55.614189877599706,180,50.77887144726202,244,54.42017543726212,252
DHAR,MADHYA PRADESH,HIGH,55.5612986239897,181,46.137199955572015,291,65.43288950339488,130
INDORE,MADHYA PRADESH,HIGH,79.92941522902431,23,80.82435636868418,24,84.51207973120364,16
WEST NIMAR,MADHYA PRADESH,LOW,36.95254088772643,419,37.815142056228254,391,35.417562899276895,463
BARWANI,MADHYA PRADESH,HIGH,33.00908600800791,471,26.497758338458468,505,36.99272510385392,442
RAJGARH,MADHYA PRADESH,HIGH,46.443466212348184,295,37.13403906963222,399,50.124706511567474,300
VIDISHA,MADHYA PRADESH,HIGH,40.20515774866534,384,34.884883165618106,423,39.62636048736207,413
BHOPAL,MADHYA PRADESH,HIGH,76.59592604593647,34,76.46540118495894,45,81.8865276067181,24
SEHORE,MADHYA PRADESH,HIGH,45.82677207959177,303,41.42523425304841,352,45.41540085194006,353
RAISEN,MADHYA PRADESH,HIGH,43.54311667370353,331,37.82293143082906,390,42.616387353535416,383
BETUL,MADHYA PRADESH,HIGH,42.563213702334885,346,33.32410610320073,445,38.56865465445901,426
HARDA,MADHYA PRADESH,HIGH,27.794948356842603,526,31.93350912631882,460,19.17342364285998,580
HOSHANGABAD,MADHYA PRADESH,MEDIUM,37.77959285809319,412,33.79652115376488,435,33.96018261102687,475
KATNI,MADHYA PRADESH,HIGH,35.880666518049836,431,41.843227024827925,343,32.730168418637504,482
JABALPUR,MADHYA PRADESH,HIGH,66.61855786159356,87,67.71221447682039,86,71.20139148001967,77
NARSIMHAPUR,MADHYA PRADESH,HIGH,34.92020951383213,444,43.736568359585064,320,37.054927594677274,439
DINDORI,MADHYA PRADESH,HIGH,21.45079618540753,576,20.700528646712762,563,14.343935772891358,605
MANDLA,MADHYA PRADESH,HIGH,30.829397220550142,495,25.980532382388517,512,28.216875394227404,512
CHHINDWARA,MADHYA PRADESH,HIGH,52.556194837730494,217,36.55893839784435,404,51.031928352756815,289
SEONI,MADHYA PRADESH,HIGH,42.939955540186645,340,33.9216808007092,434,42.11798481327463,387
BALAGHAT,MADHYA PRADESH,HIGH,44.61803900678711,314,32.26321821123426,455,43.05052769028399,377
GUNA,MADHYA PRADESH,HIGH,35.03003564470751,441,34.99773372337416,421,32.54452536496675,484
ASHOKNAGAR,MADHYA PRADESH,MEDIUM,33.67214842324023,459,32.28766576648329,454,32.998374819265884,481
SHAHDOL,MADHYA PRADESH,HIGH,32.16011936747496,484,30.646108867843903,473,32.47731190627975,486
ANUPPUR,MADHYA PRADESH,MEDIUM,35.644013847911374,433,37.54422544031949,393,33.82385238835825,477
SIDHI,MADHYA PRADESH,HIGH,25.334941608227556,545,31.076419631420116,467,22.336792696177028,566
SINGRAULI,MADHYA PRADESH,MEDIUM,33.33186042876227,466,39.498973189428625,370,36.08908969108198,458
JHABUA,MADHYA PRADESH,HIGH,36.174435964713204,427,33.41381548491569,443,43.29731981193647,373
ALIRAJPUR,MADHYA PRADESH,MEDIUM,25.667145729168844,539,26.496198763675466,506,24.338698687091302,549
EAST NIMAR,MADHYA PRADESH,MEDIUM,37.190292290116375,417,31.035152570058997,470,36.47755256241714,454
BURHANPUR,MADHYA PRADESH,MEDIUM,30.32825132434095,500,29.359345020171435,486,26.502848987325773,525
KACHCHH,GUJARAT,HIGH,55.010204385464746,188,40.69758268679786,358,65.53248795220061,128
BANAS KANTHA,GUJARAT,HIGH,49.78732087165672,260,27.240624750840592,502,67.5793175383065,109
PATAN,GUJARAT,HIGH,41.743677877769365,364,34.819182581101835,424,49.982389017618516,302
MAHESANA,GUJARAT,HIGH,69.08048061299228,63,70.2140671529198,70,77.14365329951164,43
SABAR KANTHA,GUJARAT,HIGH,51.458296826465265,234,45.41715051630796,299,55.046382944644435,244
GANDHINAGAR,GUJARAT,HIGH,59.81459405353687,136,78.4143054353446,34,56.79077762034157,232
AHMADABAD,GUJARAT,HIGH,76.21095630495502,35,77.90138415067828,38,86.1635264936964,13
SURENDRANAGAR,GUJARAT,HIGH,39.21480678346187,396,34.42858967020703,428,48.9715588699171,317
RAJKOT,GUJARAT,HIGH,65.41802258691382,96,65.19412171676694,100,73.86748457763943,56
JAMNAGAR,GUJARAT,HIGH,53.50878249476069,206,55.00647798834567,201,60.89735881064373,176
PORBANDAR,GUJARAT,HIGH,40.78267407805492,376,36.89519014861264,402,48.09162431451316,326
JUNAGADH,GUJARAT,HIGH,57.43918271622404,159,55.18851476477572,198,56.95162365858704,227
AMRELI,GUJARAT,HIGH,39.143617199981676,397,33.79606315892491,436,48.23576496281859,322
BHAVNAGAR,GUJARAT,HIGH,52.818164176313346,212,50.393980439651855,250,57.12325965427257,223
ANAND,GUJARAT,HIGH,58.400293054321004,152,66.16940447090978,95,57.31211425124061,221
KHEDA,GUJARAT,HIGH,58.13040652995648,155,63.0157070405559,116,59.83199698902648,190
PANCH MAHALS,GUJARAT,HIGH,49.646827480764166,262,42.102579297048244,339,58.56763705399438,206
DOHAD,GUJARAT,MEDIUM,47.94074776629337,279,41.697041746749115,348,64.24537201919307,144
VADODARA,GUJARAT,HIGH,72.8950527106031,47,73.93266337534966,54,80.54898093328036,27
NARMADA,GUJARAT,HIGH,30.123933946286197,505,22.897626216647154,545,34.88572667880294,468
BHARUCH,GUJARAT,HIGH,65.9504356887742,92,76.4083255085334,46,64.6033960347459,139
THE DANGS,GUJARAT,LOW,37.09383839364952,418,32.46711764923532,453,41.21006238253997,399
NAVSARI,GUJARAT,HIGH,58.86816986541893,147,56.26207482151191,189,59.06409460786299,202
VALSAD,GUJARAT,HIGH,67.35253050573245,78,66.86612519437027,91,64.58723755519148,140
SURAT,GUJARAT,HIGH,84.39721781864718,9,83.21808013938661,17,87.63349770307602,10
TAPI,GUJARAT,MEDIUM,46.837851198164195,289,41.461491340249715,351,47.90361910206469,328
DIU,DAMAN DIU,LOW,48.61772885197714,267,59.27144662231131,157,59.340792346966886,198
DAMAN,DAMAN DIU,LOW,48.12918057558108,274,62.19089561761575,125,49.59317605862291,310
DADRA NAGAR HAVELI,DADRA NAGAR HAVELI,LOW,43.09096650530944,339,56.84729242312056,182,38.4677629597452,430
NANDURBAR,MAHARASHTRA,HIGH,32.81437975512373,476,25.191892109692105,521,36.56013112611352,453
DHULE,MAHARASHTRA,HIGH,38.06500844559403,407,33.03762080625404,449,36.605748380228874,449
JALGAON,MAHARASHTRA,HIGH,51.484589953282565,232,44.33513939978098,312,53.185861304166615,264
BULDANA,MAHARASHTRA,HIGH,44.15125414802949,325,41.11755292698025,355,49.80043635003988,306
AKOLA,MAHARASHTRA,HIGH,39.86451681279231,387,44.316071058276066,313,38.601745333140016,424
WASHIM,MAHARASHTRA,HIGH,28.421330131457918,521,28.153048974727163,493,29.773313695993714,500
AMRAVATI,MAHARASHTRA,HIGH,55.40469056785356,183,41.68993657005603,349,61.39222899715576,168
WARDHA,MAHARASHTRA,HIGH,38.569612958487895,406,30.511689706463695,478,43.517523855078764,372
NAGPUR,MAHARASHTRA,HIGH,65.33375890340125,97,59.222843095230125,159,67.82307381798063,105
BHANDARA,MAHARASHTRA,HIGH,39.766149167049775,388,33.48043355926823,441,36.59895441071129,450
GONDIYA,MAHARASHTRA,HIGH,35.89033420095174,429,29.824026596511178,482,32.18232264501885,488
GADCHIROLI,MAHARASHTRA,HIGH,31.72141002327386,488,14.275140877895328,605,34.87022817286681,469
CHANDRAPUR,MAHARASHTRA,HIGH,48.13419501734845,273,34.54737358395762,426,48.735273448693874,319
YAVATMAL,MAHARASHTRA,HIGH,47.23266649349924,283,33.60082372151214,440,53.85242625585749,257
NANDED,MAHARASHTRA,HIGH,61.76318424195386,124,41.02887850780998,357,78.35168689749148,40
HINGOLI,MAHARASHTRA,MEDIUM,35.54986047188993,436,33.46219863475533,442,41.489634354842835,396
PARBHANI,MAHARASHTRA,HIGH,46.27298169557046,298,40.235573572763364,363,55.98218151751902,236
JALNA,MAHARASHTRA,HIGH,45.09322737525579,310,41.75419755176353,344,52.57792930602893,269
AURANGABAD,MAHARASHTRA,HIGH,61.506224095660656,126,56.45235891423841,186,72.47175728522225,69
NASHIK,MAHARASHTRA,HIGH,75.24536604528234,37,61.66932705294048,132,87.7264573529513,9
THANE,MAHARASHTRA,HIGH,85.65613446714019,8,79.6582578141404,31,89.73489641827278,6
MUMBAI SUBURBAN,MAHARASHTRA,MEDIUM,78.12238333631396,26,78.64792091674117,33,74.09896744709398,53
MUMBAI,MAHARASHTRA,MEDIUM,69.00002753401634,64,77.51351842777076,39,65.76464918819728,126
RAIGARH,MAHARASHTRA,MEDIUM,64.53383732460901,103,62.23593899761701,124,62.954735746903836,151
PUNE,MAHARASHTRA,HIGH,80.81614806771701,20,75.20106881487267,51,92.36508615104468,3
AHMADNAGAR,MAHARASHTRA,MEDIUM,55.12814398435234,187,52.1892531666026,228,60.52952316770158,182
BID,MAHARASHTRA,MEDIUM,48.98349215510879,265,46.43896361707166,288,56.296901341187656,234
LATUR,MAHARASHTRA,HIGH,52.66027594371191,215,46.42926911780846,289,61.319722577461924,169
OSMANABAD,MAHARASHTRA,HIGH,42.82604205737545,344,36.12197685267875,409,50.61184064885311,297
SOLAPUR,MAHARASHTRA,HIGH,59.31810198436833,140,59.725140396966516,153,64.78959196418369,137
SATARA,MAHARASHTRA,HIGH,59.59629642083569,139,54.81791235473964,202,59.077388233597816,201
RATNAGIRI,MAHARASHTRA,HIGH,49.859086265565466,259,37.92112163650318,388,38.590109688282055,425
SINDHUDURG,MAHARASHTRA,HIGH,45.62681450804241,304,40.429321456899956,360,29.513435902341595,501
KOLHAPUR,MAHARASHTRA,HIGH,68.16266313431352,71,57.5217130095823,171,63.84899441013122,147
SANGLI,MAHARASHTRA,HIGH,56.72960493923836,167,60.911649284566536,140,54.58248433758365,249
ADILABAD,ANDHRA PRADESH,LOW,62.7366669077456,116,52.85243800150702,222,62.93222795498708,152
NIZAMABAD,ANDHRA PRADESH,LOW,67.37128781485193,77,60.718676813948505,143,67.52601298498647,110
KARIMNAGAR,ANDHRA PRADESH,LOW,69.09280844753063,62,61.78355080374408,131,71.00192455825325,80
MEDAK,ANDHRA PRADESH,LOW,70.20857385814703,57,63.98352511857735,110,71.62189624922219,76
HYDERABAD,ANDHRA PRADESH,LOW,78.29365363756443,25,76.51849410271736,44,78.4047729925099,39
RANGAREDDY,ANDHRA PRADESH,LOW,77.65809444629808,27,73.87006370766301,55,79.4211325354548,32
MAHBUBNAGAR,ANDHRA PRADESH,LOW,66.86883943726731,84,57.76523540397556,168,68.6006621620863,97
NALGONDA,ANDHRA PRADESH,LOW,68.7066771856106,65,60.6715303496518,144,69.41748031652814,92
WARANGAL,ANDHRA PRADESH,LOW,67.27013952579253,79,58.01648542788266,164,68.09482395614974,102
KHAMMAM,ANDHRA PRADESH,LOW,64.99589430128016,99,54.66001513982568,205,63.97111029461142,145
SRIKAKULAM,ANDHRA PRADESH,MEDIUM,51.75979544575381,229,47.62665421030664,277,47.529062303318675,335
VIZIANAGARAM,ANDHRA PRADESH,MEDIUM,54.22607019288783,197,45.72958353414248,294,44.84797502466473,357
VISAKHAPATNAM,ANDHRA PRADESH,MEDIUM,63.894076230257845,108,57.352095456349225,176,61.67827138673634,165
EAST GODAVARI,ANDHRA PRADESH,MEDIUM,70.68269383816653,54,61.97570596552644,129,66.65976468049502,118
WEST GODAVARI,ANDHRA PRADESH,MEDIUM,67.090417008429,81,58.79769236783638,161,64.44856387697577,141
KRISHNA,ANDHRA PRADESH,MEDIUM,64.97301984759804,100,62.08545499350606,127,59.96442238216613,189
GUNTUR,ANDHRA PRADESH,MEDIUM,69.58054229888164,61,64.10268971972974,107,67.6450606372594,108
PRAKASAM,ANDHRA PRADESH,MEDIUM,58.36312142975943,153,49.40658982282817,261,54.76943435446089,246
SRI POTTI SRIRAMULU NELLORE,ANDHRA PRADESH,MEDIUM,56.064427289419584,174,53.19705740450107,218,52.254701864083266,272
YSR KADAPA,ANDHRA PRADESH,LOW,64.7781356258927,101,54.70693837960137,204,64.32528090677788,143
KURNOOL,ANDHRA PRADESH,MEDIUM,57.57544162303044,157,50.74985723702816,245,53.23584767109255,263
ANANTAPUR,ANDHRA PRADESH,MEDIUM,56.389988040943486,172,47.89091472666019,272,58.25155360317136,211
CHITTOOR,ANDHRA PRADESH,MEDIUM,63.68382103600274,109,56.35327150392412,187,61.831059502904196,163
BELGAUM,KARNATAKA,LOW,59.25496755319911,141,51.188932377418205,241,67.69720548867899,107
BAGALKOT,KARNATAKA,MEDIUM,50.09910473311362,257,46.46970003222429,287,58.94350841215361,203
BIJAPUR,KARNATAKA,LOW,51.562449665637686,231,43.84303118036074,318,58.11064515232379,213
BIDAR,KARNATAKA,HIGH,52.333741477156856,219,44.275256870283755,315,66.48124540000734,120
RAICHUR,KARNATAKA,HIGH,40.43925384137276,379,35.22557711570705,419,53.763477823954176,258
KOPPAL,KARNATAKA,HIGH,37.836638650890634,411,37.876245263419904,389,47.04268487063903,340
GADAG,KARNATAKA,HIGH,40.43339047058023,380,38.5197671571036,382,45.65573764749366,351
DHARWAD,KARNATAKA,HIGH,59.97025065129088,135,60.77053661905646,141,65.11092076314209,132
UTTARA KANNADA,KARNATAKA,HIGH,55.375470690135295,184,42.57190370624278,336,56.966186337430514,226
HAVERI,KARNATAKA,HIGH,57.513779129097465,158,49.4918464474596,260,70.36438024174497,83
BELLARY,KARNATAKA,LOW,55.415098391498795,182,51.685826211829166,237,60.93430184934363,175
CHITRADURGA,KARNATAKA,HIGH,54.52979067001079,196,48.10855807572648,269,62.52467954193659,156
DAVANAGERE,KARNATAKA,HIGH,62.714860622246604,117,56.61217397320404,184,71.1037171914377,79
SHIMOGA,KARNATAKA,MEDIUM,62.81271437881255,115,52.43194775872701,224,66.9917701228703,114
UDUPI,KARNATAKA,HIGH,66.0427695060528,91,59.066538844466145,160,61.22744881971309,171
CHIKMAGALUR,KARNATAKA,HIGH,64.1655894969077,105,50.104235427117224,252,66.34349893022151,121
TUMKUR,KARNATAKA,HIGH,76.97690729129542,32,68.20403485252231,84,81.31673603459625,25
BANGALORE,KARNATAKA,LOW,77.2061841156685,31,76.57716846660581,42,82.10809899063982,23
MANDYA,KARNATAKA,HIGH,75.08106669883168,39,64.83335681380461,103,84.10656426094108,17
HASSAN,KARNATAKA,HIGH,72.00912523405721,50,61.3021173000772,135,78.4695884057558,38
DAKSHINA KANNADA,KARNATAKA,HIGH,80.56395943830022,22,68.82187763887667,80,84.54879453839665,15
KODAGU,KARNATAKA,HIGH,43.79006710910597,328,38.80465273394945,379,42.304904662161604,386
MYSORE,KARNATAKA,LOW,66.1468331668035,90,59.8149181328491,150,74.71504827674983,50
CHAMARAJANAGAR,KARNATAKA,MEDIUM,40.83176566002594,373,39.979164062792385,366,44.61517018566503,360
GULBARGA,KARNATAKA,LOW,53.40667420042785,207,46.23101064283095,290,60.563852514112156,179
YADGIR,KARNATAKA,MEDIUM,37.86799567538594,410,31.019129027748694,471,49.089322730278276,315
KOLAR,KARNATAKA,HIGH,62.38406396048005,119,62.64337507635648,119,71.9551777193019,72
CHIKKABALLAPURA,KARNATAKA,MEDIUM,54.7990760581276,192,54.08459467313562,211,61.90964887348205,160
BANGALORE RURAL,KARNATAKA,LOW,63.42042824094744,111,63.48264848593666,114,70.18001149263029,84
RAMANAGARA,KARNATAKA,MEDIUM,62.09603558727574,121,63.554788072669076,113,66.09915423276914,122
NORTH GOA,GOA,MEDIUM,62.19935663518194,120,77.93655816093703,37,46.4398660943455,346
SOUTH GOA,GOA,HIGH,60.02586689277092,132,69.5978720302626,75,50.41662766108279,298
LAKSHADWEEP,LAKSHADWEEP,LOW,37.49244687764819,415,48.733034460502076,266,38.1211317615287,432
KASARAGOD,KERALA,HIGH,68.40507555615716,68,55.02082109207971,200,66.55218605238134,119
KANNUR,KERALA,HIGH,81.09481471491836,19,64.96346396669107,101,79.60176247627437,30
WAYANAD,KERALA,HIGH,56.5492499570013,170,49.253218344901576,263,49.77607433028753,307
KOZHIKODE,KERALA,HIGH,81.46528650956682,17,66.31123186606328,94,80.51589810628474,28
MALAPPURAM,KERALA,HIGH,81.46875687155244,16,63.16236799589734,115,83.56857264753616,18
PALAKKAD,KERALA,HIGH,81.97674763035698,14,67.80695676900712,85,80.9499144237822,26
THRISSUR,KERALA,HIGH,90.14263367864054,4,79.76509005658016,29,91.12766780827444,4
ERNAKULAM,KERALA,HIGH,100.0,1,94.98293399394332,3,100.0,1
IDUKKI,KERALA,HIGH,66.93557183268808,83,57.48884382970601,172,60.45291644204735,184
KOTTAYAM,KERALA,HIGH,82.1891359991882,12,70.8354256103646,64,78.485997120419,37
ALAPPUZHA,KERALA,HIGH,88.32629659729862,7,82.24315867055806,21,88.21755677901274,8
PATHANAMTHITTA,KERALA,HIGH,69.9111953953727,58,64.04144543632691,109,62.45782087633771,157
KOLLAM,KERALA,HIGH,88.36687597342153,6,85.34950948220474,14,82.48679100912588,22
THIRUVANANTHAPURAM,KERALA,HIGH,95.83737716793115,2,98.81779833321325,2,89.81664489160917,5
THIRUVALLUR,TAMIL NADU,HIGH,83.69669915118962,10,86.65618586186262,11,87.49515228700112,11
CHENNAI,TAMIL NADU,HIGH,90.13494979662853,5,100.0,1,89.56701528468439,7
KANCHEEPURAM,TAMIL NADU,HIGH,82.15109012618974,13,91.53863346043876,5,73.51606649652155,60
VELLORE,TAMIL NADU,HIGH,71.88589963088742,51,73.6175970350153,56,69.77806077878694,90
TIRUVANNAMALAI,TAMIL NADU,HIGH,63.97546190431632,107,57.3831484013101,175,64.44751822625072,142
VILUPPURAM,TAMIL NADU,HIGH,63.619582854484655,110,60.054302822269094,147,61.73117023512829,164
SALEM,TAMIL NADU,HIGH,78.31096148051316,24,76.72411057308483,41,80.3408314060175,29
NAMAKKAL,TAMIL NADU,HIGH,73.19231669027155,46,77.94738737456936,36,66.81691104168178,116
ERODE,TAMIL NADU,HIGH,74.66408412858918,42,72.82514667252461,57,72.49805843638178,68
THE NILGIRIS,TAMIL NADU,HIGH,50.741158049378456,249,45.67366544676371,295,47.656918984795404,333
DINDIGUL,TAMIL NADU,HIGH,66.78703087322968,85,63.572037612760944,112,64.80658410668119,136
KARUR,TAMIL NADU,HIGH,52.588682952197374,216,61.91272145043336,130,54.55172421042962,251
TIRUCHIRAPPALLI,TAMIL NADU,HIGH,75.21581386648141,38,79.25708007827184,32,78.71543742103847,36
PERAMBALUR,TAMIL NADU,HIGH,41.76907726995618,362,49.93543182709219,255,40.7563815196287,404
ARIYALUR,TAMIL NADU,MEDIUM,50.23564075728877,253,57.468935500228255,173,49.13632083050663,313
CUDDALORE,TAMIL NADU,HIGH,73.43621707516462,45,76.23674839877128,47,73.5696971850661,59
NAGAPATTINAM,TAMIL NADU,HIGH,60.013607713795516,133,69.7405100245507,72,58.25520259764576,210
THIRUVARUR,TAMIL NADU,HIGH,59.007370596975996,144,62.149223986240955,126,60.46929387908545,183
THANJAVUR,TAMIL NADU,HIGH,76.6849805533891,33,79.81620393122755,28,76.94432201828599,44
PUDUKKOTTAI,TAMIL NADU,HIGH,58.9604057020746,145,59.7516365303954,152,61.83509214833022,162
SIVAGANGA,TAMIL NADU,HIGH,50.57224354999607,251,51.03400485352844,243,50.71130711646408,295
MADURAI,TAMIL NADU,HIGH,77.30222719023652,30,78.1427428627367,35,79.40382108172173,33
THENI,TAMIL NADU,HIGH,56.097911545563605,173,54.21276277110135,209,53.26247015210123,262
VIRUDHUNAGAR,TAMIL NADU,HIGH,65.58228632032167,94,67.48506631435869,89,61.44957568337737,166
RAMANATHAPURAM,TAMIL NADU,HIGH,48.03187075107495,276,49.28445304497523,262,48.216108478353426,323
THOOTHUKKUDI,TAMIL NADU,MEDIUM,71.77589559624548,52,69.17285191315406,77,69.830504800984,89
TIRUNELVELI,TAMIL NADU,HIGH,68.58660851994814,67,69.73055320768994,73,68.34302304180135,99
KANNIYAKUMARI,TAMIL NADU,HIGH,74.8071023635642,41,84.27635548257308,16,74.78782183903556,49
DHARMAPURI,TAMIL NADU,HIGH,51.80292729996685,227,52.224629121557186,227,51.49927164863277,283
KRISHNAGIRI,TAMIL NADU,MEDIUM,68.5987172458733,66,68.4506804659005,82,66.93726833062198,115
COIMBATORE,TAMIL NADU,HIGH,95.26871375069548,3,93.92728592296281,4,94.04338075951597,2
TIRUPPUR,TAMIL NADU,MEDIUM,75.44051389962213,36,79.96130606834258,27,72.07063197920525,71
YANAM,PUDUCHERRY,MEDIUM,44.479124561975304,320,66.4190111100778,93,38.843084894967916,421
PUDUCHERRY,PUDUCHERRY,LOW,59.77507696156836,138,81.81503527408636,22,57.53576950393274,219
MAHE,PUDUCHERRY,MEDIUM,52.71668472028803,213,72.74132055903358,58,49.3121521564632,312
KARAIKAL,PUDUCHERRY,MEDIUM,44.325743269399815,324,70.23200704933305,69,37.59592262399333,435
NICOBARS,ANDAMAN NICOBAR ISLANDS,LOW,30.856402393328025,494,23.633868234168624,537,29.058758888085016,503
NORTH MIDDLE ANDAMAN,ANDAMAN NICOBAR ISLANDS,LOW,32.034666677876686,486,26.920626168160688,504,28.187789774386257,513
SOUTH ANDAMAN,ANDAMAN NICOBAR ISLANDS,LOW,33.72938810295475,457,29.927213362624762,481,30.120880437133856,496
