macro_nightlights_mean_shap,macro_economic_employees_shap,macro_literacy_rate_shap,macro_population_shap,macro_economic_establishments_shap,chronic_diabetes_prevalence_shap,chronic_hypertension_prevalence_shap,state_name,district_name
2.1647105,-4.199484,-0.44717276,-21.148619,-0.66757286,8.798428,-3.022128,JAMMU KASHMIR,KUPWARA
-2.5693886,2.5739305,1.339563,-20.97141,-1.4122088,9.483157,-3.760874,JAMMU KASHMIR,BADGAM
3.1895607,-8.073554,1.1460029,-30.064745,-2.0958843,2.1329362,0.40839282,JAMMU KASHMIR,LEH LADAKH
2.8004153,-8.29232,-0.075101495,-30.132778,-2.3139186,2.3565736,-0.02042381,JAMMU KASHMIR,KARGIL
0.17716663,-6.996281,0.95120084,-24.88294,-1.1809807,9.966968,-2.4413235,JAMMU KASHMIR,PUNCH
0.18470517,-4.5068245,-0.5861976,-21.36727,-1.397156,8.944259,0.37756604,JAMMU KASHMIR,RAJOURI
-0.53862697,-4.334178,-0.09138043,-22.48446,-0.6834082,2.6353223,-1.7384154,JAMMU KASHMIR,KATHUA
2.3377924,2.2622213,0.50279766,-17.768803,-1.3478096,7.978028,-2.0564446,JAMMU KASHMIR,BARAMULA
1.4130769,-7.2851224,2.6306145,-26.203918,-1.7107793,8.527576,-2.9482179,JAMMU KASHMIR,BANDIPORE
-1.3993068,4.143767,-0.19034016,-15.9870205,2.6468248,10.149879,-4.397094,JAMMU KASHMIR,SRINAGAR
2.0095773,-7.7341247,0.9229691,-27.05222,-2.2059026,8.24817,-2.1329424,JAMMU KASHMIR,GANDERBAL
-0.32790506,-4.4081516,0.038258947,-23.31147,-0.79415876,9.505642,-1.7261916,JAMMU KASHMIR,PULWAMA
2.0339978,-8.228716,0.11594673,-27.148083,-2.710493,10.511538,-0.8692907,JAMMU KASHMIR,SHUPIYAN
3.3779337,1.9865003,-0.71691394,-15.986838,-1.2455317,4.8907814,-4.1172724,JAMMU KASHMIR,ANANTNAG
1.291282,-4.676713,0.59348917,-26.008186,-0.7803151,9.178117,0.13857512,JAMMU KASHMIR,KULGAM
1.8483704,-7.904556,1.0213124,-27.719286,-2.151663,4.380687,-0.7376115,JAMMU KASHMIR,DODA
1.3990986,-7.9861584,1.3040779,-26.188217,-2.4837925,9.060199,-2.7144628,JAMMU KASHMIR,RAMBAN
1.6593007,-8.315003,0.5807153,-27.20742,-3.0977018,10.0453415,-1.0714732,JAMMU KASHMIR,KISHTWAR
-0.09364726,-4.1474276,-0.37432227,-25.007164,-1.068917,4.7193613,-3.2227497,JAMMU KASHMIR,UDHAMPUR
2.0166557,-7.1978083,0.7276797,-26.105936,-2.0763705,9.208875,-2.4983056,JAMMU KASHMIR,REASI
-3.330034,3.7684321,-0.158979,-6.071612,3.5462022,8.963886,-1.7731793,JAMMU KASHMIR,JAMMU
-0.655127,-3.3382683,0.6324195,-26.528744,-0.6122576,6.315329,-0.687583,JAMMU KASHMIR,SAMBA
1.4812981,-4.5695186,0.55864555,-27.796118,-1.4401379,6.081532,-2.6508818,HIMACHAL PRADESH,CHAMBA
5.522042,4.2804675,1.5007129,-5.4043827,-4.2571335,-2.0119166,-1.87156,HIMACHAL PRADESH,KANGRA
3.2247953,-9.582216,2.2325587,-28.82089,-2.512521,8.3577175,-2.7624352,HIMACHAL PRADESH,LAHUL SPITI
2.1114678,-4.1307034,0.76930624,-27.49365,-1.895353,7.058533,-2.6953514,HIMACHAL PRADESH,KULLU
3.7849467,3.378234,0.35955375,-19.553158,-3.2956793,0.93922263,-1.7829747,HIMACHAL PRADESH,MANDI
2.9412618,-4.01949,-1.6187267,-30.428846,-1.3589147,-0.36287653,12.300894,HIMACHAL PRADESH,HAMIRPUR
0.25256997,-3.4156718,0.18841036,-26.254478,-0.0021925736,-1.3776034,3.1191192,HIMACHAL PRADESH,UNA
3.71235,-4.2500253,0.39161584,-25.805052,-0.7055858,-4.62594,-1.2320403,HIMACHAL PRADESH,BILASPUR
-2.9848645,5.7349033,-0.34530893,-25.626768,-0.98935366,3.2918246,-0.8941333,HIMACHAL PRADESH,SOLAN
2.61682,0.5822347,1.028509,-26.462662,-0.38839573,3.4431229,-3.447319,HIMACHAL PRADESH,SIRMAUR
3.526812,3.652703,0.29885793,-23.580156,-0.7777504,1.2069547,-1.2021005,HIMACHAL PRADESH,SHIMLA
1.7175095,-8.280003,0.8014959,-28.718388,-2.2828326,8.036835,-1.8277301,HIMACHAL PRADESH,KINNAUR
-5.366545,1.6338044,-1.9624718,9.864056,-4.1668334,-6.469395,-2.1512988,PUNJAB,GURDASPUR
-2.741738,3.2159784,-1.5177114,-20.570436,-1.4396791,-4.71613,-2.1330185,PUNJAB,KAPURTHALA
-3.684715,8.157269,-0.1402554,9.246264,-1.568157,-6.9569974,-1.7175841,PUNJAB,JALANDHAR
1.4675162,4.250599,-0.06252777,-3.9824948,-0.6917128,-5.136583,-1.8621482,PUNJAB,HOSHIARPUR
-3.3253233,-3.1668227,1.4014992,-20.777086,-0.086388886,-4.0982456,-2.3644989,PUNJAB,SHAHID BHAGAT SINGH NAGAR
-2.0604486,-0.8291601,-1.6030146,-21.90653,-0.4134913,-4.636801,-2.3202128,PUNJAB,FATEHGARH SAHIB
-4.5967083,3.715844,-0.6274689,29.986588,-1.5263236,-8.461215,-2.220961,PUNJAB,LUDHIANA
-4.685944,2.175437,-0.121028766,-15.131096,-1.4819157,-4.876667,-2.620853,PUNJAB,MOGA
-5.148638,2.4675405,-0.83827734,0.1403466,-0.17205532,-6.206923,-2.8691144,PUNJAB,FIROZPUR
-2.6528416,-1.9564465,-0.788049,-18.041857,-1.032348,-4.5160375,-2.3910372,PUNJAB,MUKTSAR
-4.0279503,-2.9333086,0.16512145,-20.903938,-1.1231884,-4.606546,-2.707452,PUNJAB,FARIDKOT
-2.9624002,3.3453734,-0.31947348,-5.748163,-0.88601434,-6.007599,-2.6452677,PUNJAB,BATHINDA
-0.52314866,-4.0094643,-0.85436094,-19.417528,-0.52972764,-4.262684,-2.4193819,PUNJAB,MANSA
-2.310948,2.8771243,1.3594865,0.66770756,-0.80283946,-6.4444914,-2.4692783,PUNJAB,PATIALA
-5.1538877,7.802671,1.9640933,14.285407,-2.0674043,-7.338655,-2.3469298,PUNJAB,AMRITSAR
-2.9925005,2.916876,-0.6968353,-13.980387,-3.0957618,-5.3928676,-2.4529018,PUNJAB,TARN TARAN
-3.1392925,-2.823796,-0.35620114,-20.01901,-0.7353128,-4.5549297,-1.9755541,PUNJAB,RUPNAGAR
-2.877391,5.3103895,0.55566573,-15.041034,-0.48627356,-5.5123587,-1.6030705,PUNJAB,SAHIBZADA AJIT SINGH NAGAR
-5.2174277,3.488638,-0.6910882,-4.996835,-1.6537971,-6.3804135,-2.989438,PUNJAB,SANGRUR
-3.4105272,-2.9420466,-0.9368167,-21.855492,-0.3875012,-4.4801645,-2.682492,PUNJAB,BARNALA
-4.006291,7.8484674,0.25495213,-15.907407,-1.4010509,-5.748594,4.854954,CHANDIGARH,CHANDIGARH
3.2876172,-6.9190116,0.45229995,-25.503822,-1.6704963,-0.46396875,4.6676426,UTTARAKHAND,UTTARKASHI
3.7876692,-4.2193055,2.524081,-25.39559,-0.801735,0.06905925,5.2912784,UTTARAKHAND,CHAMOLI
3.256635,-7.7335205,-0.48746654,-27.135328,-2.0004845,-0.4183181,5.0099273,UTTARAKHAND,RUDRAPRAYAG
4.3873806,-2.9843235,2.1541746,-19.538391,1.4334507,-0.62869537,4.795117,UTTARAKHAND,TEHRI GARHWAL
-2.6871684,4.367575,1.0134798,-3.9896226,-1.4012238,-3.4236076,2.9797492,UTTARAKHAND,DEHRADUN
4.163232,-3.7966652,2.1934981,-20.170412,-0.27482143,-0.6040288,4.9833217,UTTARAKHAND,GARHWAL
4.031042,-3.3125405,1.8219806,-23.759256,1.075158,0.21020386,5.643505,UTTARAKHAND,PITHORAGARH
2.938426,-7.883463,3.1902137,-27.1423,-2.1404974,-0.25932854,4.632847,UTTARAKHAND,BAGESHWAR
4.580267,-2.8281667,2.9760418,-19.499441,1.3939592,0.0016658593,5.0968575,UTTARAKHAND,ALMORA
2.7912016,-7.745932,2.2874494,-27.246672,-1.9477067,-0.51358217,4.4709396,UTTARAKHAND,CHAMPAWAT
5.3131,1.5220948,1.0121279,-16.266909,0.1982395,-0.8040028,4.7273774,UTTARAKHAND,NAINITAL
-4.299889,4.7819757,0.26976216,-3.9183102,-2.3960137,-3.9948022,2.375799,UTTARAKHAND,UDHAM SINGH NAGAR
-4.3294134,8.326982,0.77423066,-0.5444827,-1.9642863,-4.4807115,2.137245,UTTARAKHAND,HARDWAR
-2.6383944,-3.3462129,0.24731025,-23.004166,-0.29780298,-5.0890512,-2.9339714,HARYANA,PANCHKULA
-3.756676,3.5815964,-0.032860093,-13.331216,-0.6500824,-5.5191374,-3.810658,HARYANA,AMBALA
-2.1556656,2.9126668,1.9966596,-13.545636,-2.8438158,-5.3843346,-4.8332343,HARYANA,YAMUNANAGAR
-2.8089974,3.0486367,0.77553797,-17.151495,-2.284328,-5.550133,-4.2892427,HARYANA,KURUKSHETRA
-3.850994,2.8586252,-0.61897933,-13.927429,-1.0181879,-5.2013097,-4.268167,HARYANA,KAITHAL
-3.4026914,3.4555004,-0.18791248,-5.210101,-2.9208548,-6.141079,-4.808265,HARYANA,KARNAL
-4.5763197,4.4422483,-0.2323905,-13.073058,-2.8635848,-5.6330214,-4.6673856,HARYANA,PANIPAT
-4.01964,4.663698,2.8156543,-5.1160645,-0.16114517,-6.0024614,-4.9052815,HARYANA,SONIPAT
-4.1962,2.8647408,0.89004135,-8.041732,-0.90476847,-5.2636538,-4.573532,HARYANA,JIND
-2.8265467,1.4200279,-0.62671113,-17.799625,-1.2518,-5.214853,-3.9219851,HARYANA,FATEHABAD
0.44025704,4.3721094,-0.83093286,-12.061788,-0.77245075,-5.2630925,-4.602418,HARYANA,SIRSA
-4.2927685,4.1971083,0.7662165,-3.0968082,-1.0077723,-5.5924454,-5.504016,HARYANA,HISAR
-3.1132576,3.6026754,0.9274134,-2.5781236,-0.41700032,-5.5485415,-4.931762,HARYANA,BHIWANI
-2.9461203,2.588875,-1.3798125,-14.817359,-0.66031444,-5.400276,-3.7110941,HARYANA,ROHTAK
-2.8236313,3.2177665,-1.3812667,-16.122208,-0.71366394,-5.432911,-3.5697138,HARYANA,JHAJJAR
-3.1256466,-3.0693843,2.012,-18.247425,-1.4858066,-4.7934055,-3.9803646,HARYANA,MAHENDRAGARH
-2.9374914,2.6395361,-1.4157807,-18.447813,-0.31809497,-5.363985,-3.3672926,HARYANA,REWARI
-4.7683606,9.197679,0.3777766,-5.7216396,-3.3650587,-5.6739836,-4.070252,HARYANA,GURGAON
-1.6026152,-3.0542088,0.8442929,-14.057908,1.070139,-5.427722,-3.4231126,HARYANA,MEWAT
-6.3837466,3.6541524,-1.0835484,0.29742914,-2.6078882,-6.1252856,-4.5898423,HARYANA,FARIDABAD
-2.2242782,-2.716852,-0.2721568,-16.025558,0.17177361,-5.728211,-3.5311584,HARYANA,PALWAL
-9.202345,6.3486185,-0.46062645,24.669233,-1.6158805,-9.151396,-1.6376463,DELHI,NORTH WEST
0.7261965,9.440446,0.6649527,-16.960709,2.6716094,-6.627335,-1.2063199,DELHI,NORTH
-13.410224,1.6607481,0.26066992,6.5987697,-5.259342,-6.798946,2.1452143,DELHI,NORTH EAST
-1.6435345,3.4097624,-0.26107612,-4.514291,-2.0636108,-6.687538,-4.3924174,DELHI,EAST
19.83791,12.683188,1.4917219,-21.098877,-0.9434978,-3.2770786,-2.8520117,DELHI,NEW DELHI
18.735647,13.16252,2.1026504,-18.77667,-0.74147624,-3.6436508,2.1988318,DELHI,CENTRAL
-5.208336,7.92157,0.8635111,11.60908,-3.0799196,-5.928903,-4.148392,DELHI,WEST
-6.703734,1.8399308,1.137078,8.081745,-1.0589379,-4.015694,-3.2005613,DELHI,SOUTH WEST
-14.626458,2.696775,0.6513509,13.580005,-2.5718825,-5.9004946,-4.4858737,DELHI,SOUTH
5.153231,4.4373016,0.20447043,-1.6478857,2.4108074,15.757369,5.6829047,RAJASTHAN,GANGANAGAR
5.2760305,3.1225832,-0.6334559,1.0539232,-2.5613701,14.29244,5.013882,RAJASTHAN,HANUMANGARH
6.680712,3.539906,0.27311507,12.270964,-2.165792,18.763103,6.7902045,RAJASTHAN,BIKANER
6.7931094,4.2924027,-0.55879366,13.100998,0.8880203,18.399158,6.663708,RAJASTHAN,CHURU
4.066787,4.955416,1.7092339,17.623465,5.296138,18.672077,6.5780377,RAJASTHAN,JHUNJHUNUN
-1.9573171,10.412633,1.1060815,42.191345,4.970467,32.262516,6.9802833,RAJASTHAN,ALWAR
-3.854942,2.3740637,-0.27253687,19.088669,0.5588365,20.752348,5.414538,RAJASTHAN,BHARATPUR
-0.17404914,-4.149746,-0.79963374,-16.671635,-2.0494406,12.236176,4.989297,RAJASTHAN,DHAULPUR
-0.35362777,-4.4481983,-0.84096915,-5.974914,-2.8072174,13.380184,4.6548066,RAJASTHAN,KARAULI
0.8166739,0.95116174,-0.9450505,-8.386943,-2.1103568,12.801328,4.7312427,RAJASTHAN,SAWAI MADHOPUR
-3.198774,2.9822361,-0.48079196,-5.461192,-3.6245165,14.772669,4.449076,RAJASTHAN,DAUSA
2.5765529,19.134068,0.09465586,93.64291,2.4412374,30.905537,7.5527525,RAJASTHAN,JAIPUR
3.660115,7.065414,1.7736493,27.051208,3.1965752,25.119919,8.053851,RAJASTHAN,SIKAR
9.125341,4.979951,0.80443925,48.290718,2.0647995,30.249582,7.704753,RAJASTHAN,NAGAUR
2.7234285,5.1181974,0.16189346,41.09096,1.7258415,30.83369,7.50076,RAJASTHAN,JODHPUR
1.7694181,-5.438797,-0.2239961,-24.24831,-2.1336305,11.509121,5.131729,RAJASTHAN,JAISALMER
7.8840804,1.8318778,0.27871442,26.05098,-1.2397649,20.570332,5.886613,RAJASTHAN,BARMER
4.7935543,1.9060546,-0.24645883,0.5974905,-2.9870753,13.977327,4.758259,RAJASTHAN,JALOR
1.5866454,-0.99885285,0.13415657,-18.83293,-2.5216625,12.044383,5.0225224,RAJASTHAN,SIROHI
5.7898946,3.7633607,0.22058204,12.61733,1.3223376,18.54956,6.286292,RAJASTHAN,PALI
-0.7421176,10.13891,-0.37002856,20.132786,0.31265765,22.982338,6.3221097,RAJASTHAN,AJMER
4.4249988,2.8466778,-1.9432342,-6.5805354,-2.857311,13.665066,5.1633625,RAJASTHAN,TONK
0.94346863,2.4399579,-1.7874601,-17.030771,-2.2059526,12.526938,4.910341,RAJASTHAN,BUNDI
2.6896243,5.25338,-0.92977387,13.666999,-0.17359892,20.530605,6.906408,RAJASTHAN,BHILWARA
-0.41908547,3.5840583,0.057145275,-15.585087,-2.1035304,12.836876,4.594406,RAJASTHAN,RAJSAMAND
1.78793,-4.0427976,-0.59980404,-6.945273,-1.0356302,13.406282,5.0638266,RAJASTHAN,DUNGARPUR
0.58099717,0.54536545,0.305539,5.194394,-2.2896948,13.880134,4.0759397,RAJASTHAN,BANSWARA
0.19983536,3.9977684,0.0059501957,-5.488548,-1.9504567,14.724988,4.6352587,RAJASTHAN,CHITTAURGARH
-3.9407134,3.5574007,1.3626621,-1.8630022,0.7590208,16.2821,5.3205338,RAJASTHAN,KOTA
-0.29676485,1.8674252,-0.71499336,-15.281304,-2.0709012,12.467181,4.5476503,RAJASTHAN,BARAN
0.16866127,2.7376733,-1.7151818,-5.9082246,-2.293485,13.812353,4.5716386,RAJASTHAN,JHALAWAR
3.3036108,5.2050586,-0.15835655,32.651966,1.4158915,27.088564,6.9006763,RAJASTHAN,UDAIPUR
2.8758442,-4.868718,-0.1271899,-23.0662,-1.5941705,11.783323,5.39996,RAJASTHAN,PRATAPGARH
-1.4667443,7.543656,0.6393583,30.74722,0.92066157,-8.106984,-3.0863957,UTTAR PRADESH,SAHARANPUR
-2.8406506,2.0920255,-1.1012778,31.314676,0.3673049,-7.8949375,-3.3433654,UTTAR PRADESH,MUZAFFARNAGAR
-1.3736802,3.666941,-0.7275541,26.35121,0.24828357,-8.090734,-3.211001,UTTAR PRADESH,BIJNOR
-0.8026831,3.5522776,-2.5126958,40.901535,-2.1869414,-8.014505,-3.8377013,UTTAR PRADESH,MORADABAD
-5.0721617,1.6625803,-0.74856335,8.039017,-3.5066535,-6.0233135,-5.7549286,UTTAR PRADESH,RAMPUR
-5.030802,2.6618578,-0.37894663,0.12458514,-1.6795161,-4.684301,-4.9779935,UTTAR PRADESH,JYOTIBA PHULE NAGAR
-3.4463675,6.537931,1.1113544,29.001406,-1.3148124,-8.117564,-3.3830235,UTTAR PRADESH,MEERUT
-1.0485817,-3.3925776,0.84110236,-12.443976,-1.7814339,-3.5245435,-2.740378,UTTAR PRADESH,BAGHPAT
-2.0964675,2.7967126,0.51045036,42.627583,-2.3393142,-7.2861924,-3.5375354,UTTAR PRADESH,GHAZIABAD
-5.3478374,8.673285,2.7299237,-4.1872964,-3.7897635,-4.0728736,-4.513699,UTTAR PRADESH,GAUTAM BUDDHA NAGAR
-0.67275923,2.0782833,-0.09817647,31.514349,-1.3000821,-7.809729,-3.4018435,UTTAR PRADESH,BULANDSHAHR
-0.75340253,1.8519288,-0.35780117,29.453989,-1.0952299,-7.9039907,-3.3785825,UTTAR PRADESH,ALIGARH
-2.6779866,4.891532,-0.17894714,-4.2708015,-2.528178,-4.3373833,-3.632469,UTTAR PRADESH,MAHAMAYA NAGAR
-2.6863341,1.7189338,-0.41927916,14.9546795,-2.8900757,-5.095968,-4.632962,UTTAR PRADESH,MATHURA
-1.0234293,4.526219,0.87388366,41.342983,-0.56863344,-7.585403,-2.5074892,UTTAR PRADESH,AGRA
-1.2404354,3.0132608,1.107958,14.35038,5.5185733,-5.7609253,-4.452171,UTTAR PRADESH,FIROZABAD
-3.909884,-1.3745785,0.59848213,0.89363956,-1.8266898,-4.084422,-4.0763917,UTTAR PRADESH,MAINPURI
-1.7821643,1.9010189,-0.7278309,25.951004,-1.774258,-7.952825,-4.1478534,UTTAR PRADESH,BUDAUN
-0.4872782,3.0731242,-3.6992252,40.95236,0.80427486,-7.809246,-3.2220485,UTTAR PRADESH,BAREILLY
5.2226086,2.0544326,-3.200539,-0.13922144,3.8400698,-4.979296,-4.4698606,UTTAR PRADESH,PILIBHIT
-3.97423,2.5981057,-1.9308916,18.224983,4.6304717,-6.326539,-5.3091407,UTTAR PRADESH,SHAHJAHANPUR
0.71640456,1.3950355,-1.3765435,25.08907,4.1121826,-6.659588,-3.8265142,UTTAR PRADESH,KHERI
-3.2100465,2.3598309,-1.5384476,39.502605,-0.97413635,-7.5828495,-2.8461733,UTTAR PRADESH,SITAPUR
-0.91697586,2.44122,-0.39278427,27.767494,-0.32619327,-7.202891,-3.5123034,UTTAR PRADESH,HARDOI
-3.9130776,0.8276353,-0.8313177,28.622377,-3.4499955,-5.6011095,-3.9420412,UTTAR PRADESH,UNNAO
-1.0737587,3.9409137,2.7657695,47.27634,2.0436444,-6.9861984,-3.3548863,UTTAR PRADESH,LUCKNOW
-4.6777644,1.1154608,-0.581735,28.975664,1.1383802,-6.6382813,-4.0781846,UTTAR PRADESH,RAE BARELI
-3.1195424,1.6365514,-1.0270265,0.5624744,-1.5051279,-4.250636,-4.8312654,UTTAR PRADESH,FARRUKHABAD
-4.101899,1.2124566,0.993898,-2.8703737,-0.77041143,-4.027168,-3.4824638,UTTAR PRADESH,KANNAUJ
-2.0639443,1.4766538,1.6994057,-3.5039406,-0.87414396,-3.8696651,-3.7887492,UTTAR PRADESH,ETAWAH
-1.806698,-3.988698,1.7777829,-6.0018506,-1.8398042,-3.8295584,-3.4836924,UTTAR PRADESH,AURAIYA
-3.3253934,-1.5703577,0.8705582,4.6293054,-2.4811933,-4.0062904,-4.2654066,UTTAR PRADESH,KANPUR DEHAT
-3.4130964,3.9887972,-0.4615156,47.6196,-1.007164,-6.9759784,-2.3524342,UTTAR PRADESH,KANPUR NAGAR
2.5836682,2.091965,0.9006243,-2.2571576,-0.67733,-4.0571203,-3.0731087,UTTAR PRADESH,JALAUN
-4.304962,2.0385523,1.0513865,0.7472327,-2.4838922,-4.2134204,-4.3591123,UTTAR PRADESH,JHANSI
2.1676352,-3.929961,-2.0717788,-13.3269825,-0.47099236,-3.7268348,-2.5450938,UTTAR PRADESH,LALITPUR
2.3467953,-3.6535738,-0.40397528,-13.753873,-0.55528766,-3.4683602,-2.1644886,UTTAR PRADESH,HAMIRPUR
0.2265608,-3.454362,-1.1191993,-18.826477,-0.4592389,-3.6727111,-2.35021,UTTAR PRADESH,MAHOBA
2.0701578,-3.1862562,-1.1554059,5.249451,-2.4540071,-4.0686507,-3.929015,UTTAR PRADESH,BANDA
3.0301592,-6.8188004,-0.6037313,-17.250816,-1.3608264,-3.818732,-2.379762,UTTAR PRADESH,CHITRAKOOT
-3.9196925,1.7849967,-0.97520876,16.821293,-0.55265796,-5.9630637,-4.9284773,UTTAR PRADESH,FATEHPUR
-4.9399157,0.8800416,0.27515355,30.878374,-1.482174,-6.014956,-3.3191345,UTTAR PRADESH,PRATAPGARH
-3.619289,-3.1976469,-1.2046467,-3.7646563,-1.8991808,-4.171969,-3.9469388,UTTAR PRADESH,KAUSHAMBI
0.30474725,4.407083,0.62282145,65.150185,1.3615311,-7.204093,-2.3570185,UTTAR PRADESH,ALLAHABAD
-4.1669455,2.3419046,-1.8406817,30.61689,4.4025035,-7.1185374,-4.349858,UTTAR PRADESH,BARA BANKI
-5.059432,1.3018118,-0.5593882,13.554153,-2.7880886,-4.8391614,-4.550699,UTTAR PRADESH,FAIZABAD
-4.3464446,0.76801986,1.1617678,9.223953,-3.3437715,-4.659756,-4.8127317,UTTAR PRADESH,AMBEDKAR NAGAR
-5.068957,1.9765089,-0.18857613,26.043928,1.0576212,-7.1582804,-3.6705441,UTTAR PRADESH,SULTANPUR
-0.79303735,0.58759797,-0.81232303,28.730015,-2.8981566,-5.6268353,-4.32665,UTTAR PRADESH,BAHRAICH
0.4895341,-6.8228183,-0.74045813,-14.287242,-1.1765053,-3.918665,-3.2854269,UTTAR PRADESH,SHRAWASTI
2.44465,-3.251375,-0.8306947,9.701593,-4.1116543,-4.742516,-5.112571,UTTAR PRADESH,BALRAMPUR
-4.106575,0.68378115,-1.011397,27.34329,-2.2012744,-5.5984554,-4.269792,UTTAR PRADESH,GONDA
2.6208484,0.9436373,-1.0502939,15.8462715,-2.375343,-5.014123,-4.4752073,UTTAR PRADESH,SIDDHARTHNAGAR
-3.8720832,2.5877361,-1.065214,12.941387,-2.115453,-5.0019217,-4.878475,UTTAR PRADESH,BASTI
-0.16319707,2.5922842,-1.2260479,-3.173458,-2.7561872,-4.2024784,-4.06083,UTTAR PRADESH,SANT KABIR NAGAR
0.3426016,1.0777593,-2.4026003,17.348701,-2.6947374,-5.6632013,-4.563034,UTTAR PRADESH,MAHRAJGANJ
-0.5089234,3.7544239,1.2907126,43.75849,1.1100518,-7.388878,-2.2666893,UTTAR PRADESH,GORAKHPUR
-4.5267463,0.8509912,-0.2763209,30.289255,3.8526082,-6.70079,-4.299541,UTTAR PRADESH,KUSHINAGAR
-0.8625097,1.2240092,0.5868122,29.461779,4.790446,-6.336434,-3.7244,UTTAR PRADESH,DEORIA
-0.7973909,1.7685269,0.42714626,47.292053,-0.9205766,-7.215739,-2.649516,UTTAR PRADESH,AZAMGARH
-3.6360679,2.8039844,0.9865501,8.919753,4.0203705,-5.241779,-5.3876615,UTTAR PRADESH,MAU
-0.5558381,2.5470383,1.3832204,32.57187,1.1557448,-7.0357695,-3.2562382,UTTAR PRADESH,BALLIA
-0.32306987,1.8628128,1.2081099,45.749462,-0.70146877,-6.731517,-2.4876091,UTTAR PRADESH,JAUNPUR
-1.3750736,2.0447626,1.3685908,31.35252,-0.13643812,-7.078954,-3.0809689,UTTAR PRADESH,GHAZIPUR
-1.4991047,-3.0401754,-0.27464837,-0.1550046,-3.1370218,-4.092455,-4.1653247,UTTAR PRADESH,CHANDAULI
-4.43153,5.8342485,-0.36646575,25.220644,-1.0444511,-7.867098,-3.8539126,UTTAR PRADESH,VARANASI
-2.7964842,3.7222192,-0.6790343,-4.070887,-0.4148692,-4.2673535,-4.0143394,UTTAR PRADESH,SANT RAVIDAS NAGAR BHADOHI
-4.428576,2.1133335,-0.97894335,14.303713,-3.10593,-5.071637,-4.8147855,UTTAR PRADESH,MIRZAPUR
0.4790428,-2.6376886,-2.4388402,1.5496575,-1.0222826,-4.3133016,-4.526017,UTTAR PRADESH,SONBHADRA
-4.2070894,0.9404101,-0.4651882,1.0304742,-2.2528422,-4.126679,-4.0918593,UTTAR PRADESH,ETAH
-3.0347176,-3.259743,-1.2276441,-4.8774548,-1.7175444,-4.171542,-3.7731588,UTTAR PRADESH,KANSHIRAM NAGAR
-0.96713054,-1.0746398,1.2175778,30.893972,-2.5066018,17.970787,-4.1222696,BIHAR,PASHCHIM CHAMPARAN
-0.77992827,0.9015454,-0.5832613,48.15024,1.4008437,9.510204,-4.1102924,BIHAR,PURBA CHAMPARAN
0.73793465,-7.2820725,1.3065424,-21.997461,-2.3700356,7.122842,-3.095433,BIHAR,SHEOHAR
-2.5585551,-4.716192,0.8662375,31.73704,-3.504052,6.392551,-4.1293087,BIHAR,SITAMARHI
-2.0923164,0.67825675,-0.8190227,40.888798,-3.14336,-2.7918947,-2.2945147,BIHAR,MADHUBANI
-3.8322878,-3.895018,-0.18988726,9.41044,-4.234139,3.6284497,-4.718931,BIHAR,SUPAUL
-4.0171056,-0.4570442,-0.5987139,15.950072,-2.0755446,-3.8823018,-5.180336,BIHAR,ARARIA
0.30475882,-4.563427,0.45833844,-2.8101892,-0.8967251,2.1355753,-3.8948631,BIHAR,KISHANGANJ
-4.691895,0.40456462,0.48828778,29.57965,-2.7763274,-8.306662,-3.0213742,BIHAR,PURNIA
-3.6438565,1.085105,0.07508188,20.848198,-1.6113846,-4.9695716,-4.601047,BIHAR,KATIHAR
-1.25865,-2.780225,-0.456204,0.16903175,-2.776977,-2.211788,-5.0570254,BIHAR,MADHEPURA
-1.2385391,-3.6911454,-0.37099275,0.5016177,-1.7143396,3.257544,-3.0417664,BIHAR,SAHARSA
-0.43723112,2.9962873,0.27441025,25.425478,4.5653768,-4.847916,-3.5982366,BIHAR,DARBHANGA
0.27707407,0.1455707,-1.464945,47.98701,2.9701614,6.825424,-2.8242574,BIHAR,MUZAFFARPUR
-0.021508345,-4.6305137,0.9538696,16.521782,-4.8664575,7.450305,-1.1670637,BIHAR,GOPALGANJ
-0.3612715,-3.2843127,0.14567171,33.140594,-3.2680173,6.300072,-0.26033348,BIHAR,SIWAN
-1.0367631,1.5825619,0.650189,26.117426,-2.5625834,-4.4682465,-4.251279,BIHAR,SARAN
-0.9190535,1.4013195,0.15689856,30.977825,-3.1775208,-0.7973229,-4.301023,BIHAR,VAISHALI
-1.175229,0.8290799,-1.7328349,36.978054,4.7038245,-1.2791156,1.4050492,BIHAR,SAMASTIPUR
-2.0497868,0.025453407,-0.95451814,19.364204,-3.634066,3.282804,3.6269693,BIHAR,BEGUSARAI
-3.2329266,-4.0420895,-0.56739146,-3.2517664,-0.3892892,-5.791387,-4.630853,BIHAR,KHAGARIA
-0.96742797,0.7206568,-1.2417834,19.890936,-3.267582,-2.861131,-4.2712207,BIHAR,BHAGALPUR
-2.9726956,-3.1619236,1.1468722,5.435828,-3.3165524,-1.0687438,-4.105482,BIHAR,BANKA
-4.4031096,-2.7524161,-0.7369951,-5.7480373,-0.18577257,-3.7579343,-3.4592211,BIHAR,MUNGER
-3.2527716,-3.3411298,-0.63801396,-16.067978,0.415691,-0.9808443,-2.4474394,BIHAR,LAKHISARAI
0.088771045,-6.702179,-0.19672419,-21.628008,-1.7577735,6.254938,2.6964865,BIHAR,SHEIKHPURA
-1.5074707,-0.5530821,-1.1598257,18.992723,-1.8654878,6.177839,-3.3867924,BIHAR,NALANDA
-0.9415412,8.250527,0.049831465,63.38444,1.695207,-10.074644,4.3466935,BIHAR,PATNA
-0.81758404,-0.38523725,-0.4124836,16.046476,-2.4813926,-2.5848625,-4.186024,BIHAR,BHOJPUR
-1.4622473,-3.827215,-0.5625801,-3.9570074,-1.7438185,4.383116,-2.9299226,BIHAR,BUXAR
-0.084154874,-4.647451,-0.8308783,-3.4590874,-1.2513164,9.335826,-2.0401003,BIHAR,KAIMUR BHABUA
-4.435563,-0.6912276,0.57136965,20.205587,-4.114565,6.220815,2.6965845,BIHAR,ROHTAS
-1.5587662,-4.3302584,-0.58939624,16.657074,-5.2275763,4.7496934,2.3368623,BIHAR,AURANGABAD
0.0656316,-0.9652028,-0.8497551,43.361713,-3.117833,11.031305,-4.2268877,BIHAR,GAYA
-3.9470916,-0.34457862,-0.04330904,11.13479,-2.071726,7.3351984,-4.1076655,BIHAR,NAWADA
-2.8752952,-5.037957,-0.996365,0.87725294,-2.2187467,3.6223764,-3.5821614,BIHAR,JAMUI
-1.1508713,-7.100698,0.19852825,-15.554578,-1.8080786,3.4110813,-2.43992,BIHAR,JEHANABAD
0.21475032,-7.4643464,-0.63828146,-21.582516,-2.374439,2.83486,-1.9190469,BIHAR,ARWAL
2.8302586,-11.167921,2.8704896,-35.025124,-2.5562873,-0.81650317,4.0855784,SIKKIM,NORTH DISTRICT
0.31028235,-9.210625,4.6946406,-35.177616,-3.0344949,0.52898014,4.1230135,SIKKIM,WEST DISTRICT
1.660258,-8.766265,-2.4437544,-34.49279,-2.8867812,-2.9571567,0.5648939,SIKKIM,SOUTH DISTRICT
1.9899259,-5.1764145,-3.3357284,-33.699924,-1.903656,-2.802349,4.216485,SIKKIM,EAST DISTRICT
2.803832,-10.120545,-0.18147147,-30.652864,-2.2428253,2.770004,3.9538603,ARUNACHAL PRADESH,TAWANG
2.6492343,-10.663611,-0.34088853,-32.069656,-2.5772974,2.6854007,3.816453,ARUNACHAL PRADESH,WEST KAMENG
3.275914,-10.484483,0.43616527,-31.0283,-2.4159508,2.7130575,4.0345597,ARUNACHAL PRADESH,EAST KAMENG
1.9171904,-7.5201073,3.0222924,-32.58794,-2.3971052,2.1237652,4.3081465,ARUNACHAL PRADESH,PAPUM PARE
3.4630053,-10.398074,0.81659484,-31.372244,-2.4196951,2.6839259,3.9866555,ARUNACHAL PRADESH,UPPER SUBANSIRI
3.3874388,-8.350717,-0.30646563,-31.448286,-2.4944649,2.6514614,3.7743397,ARUNACHAL PRADESH,WEST SIANG
1.8569859,-8.307115,-0.2030986,-32.19571,-2.427369,2.3381734,3.5062852,ARUNACHAL PRADESH,EAST SIANG
3.0462134,-10.1727915,0.14141828,-30.729044,-2.3885214,2.748227,3.9569778,ARUNACHAL PRADESH,UPPER SIANG
1.75771,-9.825111,0.38116482,-31.944323,-2.4504611,2.6998935,3.6061418,ARUNACHAL PRADESH,CHANGLANG
1.6315017,-10.294656,1.5705112,-31.630402,-2.4022014,2.58695,4.0915728,ARUNACHAL PRADESH,TIRAP
1.7709173,-10.706746,0.46557575,-32.66136,-2.4398909,2.4099345,3.8399725,ARUNACHAL PRADESH,LOWER SUBANSIRI
3.0927286,-10.154983,1.3253558,-31.060062,-2.3519766,2.6457891,4.1248198,ARUNACHAL PRADESH,KURUNG KUMEY
3.305302,-10.331149,-0.45320386,-31.489738,-2.479314,2.654696,3.930684,ARUNACHAL PRADESH,DIBANG VALLEY
3.2552624,-10.544385,-0.5165317,-32.09563,-2.4888952,2.6402168,3.8250928,ARUNACHAL PRADESH,LOWER DIBANG VALLEY
1.366917,-8.534705,-0.44174185,-32.253162,-2.5709982,2.5430954,3.620263,ARUNACHAL PRADESH,LOHIT
3.2457314,-10.196286,1.7744501,-30.725285,-2.4205222,2.6565397,4.187718,ARUNACHAL PRADESH,ANJAW
0.8046938,-8.990262,1.9522316,-32.980732,-2.9389431,5.29914,4.2427273,NAGALAND,MON
2.118382,-8.187887,-3.199594,-29.64977,-2.8159714,3.5192473,-1.7660843,NAGALAND,MOKOKCHUNG
2.4063888,-10.785564,-2.6780941,-35.324745,-3.0269341,0.87604785,1.1331812,NAGALAND,ZUNHEBOTO
1.1284416,-8.698435,-1.6341496,-33.627254,-3.223284,-2.3874345,12.524113,NAGALAND,WOKHA
-2.6010492,-4.298851,-0.7337255,-26.593613,-0.98571557,0.9594922,-2.7963536,NAGALAND,DIMAPUR
-0.06441521,-9.224638,2.7999654,-35.739155,-3.2921567,4.1926427,13.58247,NAGALAND,PHEK
0.6137981,-10.21427,-0.75087893,-30.3511,-2.666766,7.4060936,-1.0670152,NAGALAND,TUENSANG
1.0991237,-11.03306,-0.9893944,-31.70718,-2.9123938,0.60509586,-1.7991682,NAGALAND,LONGLENG
0.6740516,-10.598131,-0.8401034,-30.546135,-3.0328844,3.8958147,-3.3336523,NAGALAND,KIPHIRE
2.423794,-8.079883,-1.652198,-32.059628,-1.8246509,5.635817,2.245598,NAGALAND,KOHIMA
0.6967853,-11.205277,0.02797425,-32.63425,-3.5545096,6.5167885,-0.58863777,NAGALAND,PEREN
1.7271156,-7.857354,-0.8048824,-28.008656,-2.7938929,4.0520263,-0.24479079,MANIPUR,SENAPATI
0.90082306,-9.72757,-1.0667553,-31.591928,-2.7385027,0.9522368,-2.102279,MANIPUR,TAMENGLONG
1.2866675,-4.8821096,-1.1107687,-29.780367,-1.3177483,-0.6273004,-1.8898815,MANIPUR,CHURACHANDPUR
-0.34952256,-5.0367255,1.3286242,-31.537088,-2.100248,-0.7975288,2.5732074,MANIPUR,BISHNUPUR
-1.3728762,-3.1310527,1.151583,-31.031254,-3.0017934,2.7116058,4.445437,MANIPUR,THOUBAL
-2.9105518,2.1636026,-3.2889688,-29.380445,-3.6346266,-4.964902,6.5832005,MANIPUR,IMPHAL WEST
-2.3939347,-2.0351157,-2.425219,-30.405193,-2.5128744,-1.8296709,15.005798,MANIPUR,IMPHAL EAST
0.83200735,-8.628131,-2.0048635,-30.859482,-2.9332364,2.7024035,-0.21576221,MANIPUR,UKHRUL
0.9280019,-8.691633,-0.08373083,-31.582594,-2.7229352,0.31436935,-1.4595232,MANIPUR,CHANDEL
2.727561,-10.661917,1.4377292,-31.064812,-2.8139737,0.27018318,-3.3568263,MIZORAM,MAMIT
1.1061233,-10.600436,-0.1239331,-30.54869,-3.0461156,-1.6592814,-2.3044705,MIZORAM,KOLASIB
2.8019228,-4.978589,-4.289912,-30.30649,-1.2944205,-2.35979,4.3471265,MIZORAM,AIZAWL
1.668001,-10.099579,0.28672093,-30.930744,-3.1045516,0.18542252,-3.1723306,MIZORAM,CHAMPHAI
2.34902,-10.800084,-3.6720812,-30.45577,-3.550461,0.12749459,-1.0838633,MIZORAM,SERCHHIP
2.7775393,-8.051483,-0.608712,-28.853622,-2.541122,-2.597049,-3.2706833,MIZORAM,LUNGLEI
2.1059785,-10.741086,0.09720377,-30.398714,-3.0052416,0.4485357,-3.567377,MIZORAM,LAWNGTLAI
1.6425993,-10.767855,-0.6330263,-30.392908,-2.9915192,3.1605966,-3.227182,MIZORAM,SAIHA
-4.362166,3.0420616,-0.2791134,-6.239663,-4.8919363,-9.248669,-1.6819912,TRIPURA,WEST TRIPURA
0.09563635,1.9909363,0.16677627,-20.355267,-3.9377477,-4.6416583,0.22531198,TRIPURA,SOUTH TRIPURA
2.7817094,-4.9075303,0.45764852,-26.97306,-0.0031465306,-2.427022,4.3378725,TRIPURA,DHALAI
2.289455,-3.425053,0.13917556,-20.805553,-1.4091918,-1.7192672,-2.7786283,TRIPURA,NORTH TRIPURA
2.9892325,-3.802837,-1.0478694,-20.564785,0.065587014,-6.4915524,-2.0424519,MEGHALAYA,WEST GARO HILLS
1.5989184,-7.291135,-0.7749859,-28.96925,-2.4183939,0.5326472,-3.2362316,MEGHALAYA,EAST GARO HILLS
1.9651091,-7.6871905,-0.92205405,-27.893875,-2.1155956,-6.176948,-3.3366404,MEGHALAYA,SOUTH GARO HILLS
1.2485232,-7.500557,-0.6339948,-27.229345,-2.386442,8.380041,3.1915147,MEGHALAYA,WEST KHASI HILLS
2.3092427,-5.738147,-0.3937149,-27.984161,-2.0547037,9.757493,-0.48974302,MEGHALAYA,RIBHOI
3.3326168,2.8536408,1.5187408,-21.090206,-1.3314189,6.60461,-0.87817603,MEGHALAYA,EAST KHASI HILLS
1.5427122,-4.1162033,1.03412,-25.711678,-1.3234504,9.410582,-2.7843912,MEGHALAYA,JAINTIA HILLS
2.8519185,0.8045569,-0.5870421,-22.50334,-2.0660493,3.6049693,-3.4023848,ASSAM,KOKRAJHAR
1.4705068,2.7109447,1.6436037,-2.1836302,-4.682538,5.648862,-5.0428443,ASSAM,DHUBRI
-0.24342662,2.6045017,-0.7435701,-17.926859,-3.0446258,3.808598,-3.7292676,ASSAM,GOALPARA
4.1079044,7.1794515,-2.768133,-4.833952,-3.5544636,-3.7022686,-4.990564,ASSAM,BARPETA
2.8936322,1.1243409,-0.6643995,-19.241417,-1.4016645,1.3561379,-3.1747246,ASSAM,MORIGAON
4.3304224,4.9752026,-0.7272148,17.87432,-4.054901,-9.531955,-5.586748,ASSAM,NAGAON
4.51992,3.719632,-0.4308893,-1.4405025,-3.8831685,4.6020594,-1.4420666,ASSAM,SONITPUR
3.3694725,2.8604772,0.3573881,-18.549284,-3.594112,3.9074206,-1.4568332,ASSAM,LAKHIMPUR
2.0039437,-4.7035775,0.19773713,-22.265816,-1.5645419,4.022461,-3.3485298,ASSAM,DHEMAJI
-4.0845227,4.350089,-0.57992935,-11.881732,-2.5377326,-2.204091,-5.093195,ASSAM,TINSUKIA
-3.8779948,3.6717503,1.2376896,-12.234293,1.8465306,-3.8904023,-5.6619663,ASSAM,DIBRUGARH
0.63482636,5.3140345,-1.2636741,-13.463083,-0.58850497,-2.1925676,0.18450499,ASSAM,SIVASAGAR
5.049131,4.926417,0.54298514,-15.396625,-1.9929916,-3.7895036,-1.282553,ASSAM,JORHAT
-2.6829016,3.203932,1.8408526,-17.196705,-3.171797,1.997435,-3.1026583,ASSAM,GOLAGHAT
2.7544541,2.2318244,-0.43186527,-19.560192,-1.2188768,1.3945194,-1.9094542,ASSAM,KARBI ANGLONG
2.0147982,-4.658784,0.3868689,-31.739624,-2.2938378,9.076986,-2.9336438,ASSAM,DIMA HASAO
4.088253,4.4852204,1.7807119,-6.141135,-4.1171746,2.7417033,-4.6623106,ASSAM,CACHAR
1.6886262,4.7674313,-0.23044977,-16.633673,-2.8659065,2.8451564,-5.2374954,ASSAM,KARIMGANJ
2.8860285,-3.7650578,0.41650283,-22.459133,-1.3733019,-2.377509,-0.5908444,ASSAM,HAILAKANDI
-0.35371742,1.6922582,-0.4348458,-21.438932,-1.6962743,1.084645,-2.8830795,ASSAM,BONGAIGAON
2.1660695,-5.302103,0.69582367,-27.667831,-1.3872883,6.8753724,-0.18016009,ASSAM,CHIRANG
2.5044518,3.7149286,0.6826119,-5.997687,-4.195999,-7.1312623,-3.9735389,ASSAM,KAMRUP
-2.5391154,9.181765,2.8454678,-13.379004,0.13464421,-7.3682203,-3.7852368,ASSAM,KAMRUP METROPOLITAN
4.4426503,2.167949,3.1852596,-21.663988,-3.5033765,-5.0508623,-0.1173959,ASSAM,NALBARI
3.3531735,1.1043023,-0.6587533,-20.446865,-1.4806126,0.7596769,-3.1728048,ASSAM,BAKSA
2.8670135,1.1624856,-2.3329377,-22.213875,-1.9678453,1.6474124,3.1602623,ASSAM,DARRANG
2.6292975,-3.5415742,-0.55010056,-20.936829,-1.7932822,-1.966589,-1.9529054,ASSAM,UDALGURI
-0.6758782,3.5042572,-2.1833832,4.053959,-5.7247434,-3.9729278,18.506348,WEST BENGAL,DARJILING
0.37929785,1.8343024,-2.0140524,24.407957,-11.051153,-6.855602,-3.3594136,WEST BENGAL,JALPAIGURI
2.651801,4.186235,1.2531936,19.087337,-1.8317893,-5.8404713,-3.542952,WEST BENGAL,KOCH BIHAR
-3.8154478,2.607457,-1.8197829,17.53862,-4.248839,-6.109165,-5.4283895,WEST BENGAL,UTTAR DINAJPUR
1.3666085,3.3409855,-0.2915848,-4.6219363,-4.901807,-3.7752686,-5.409758,WEST BENGAL,DAKSHIN DINAJPUR
-1.7504772,2.5349746,-3.2521055,23.258049,-8.807735,-10.920921,-4.958975,WEST BENGAL,MALDAH
-8.950202,11.565106,-4.5374904,73.02131,5.2980614,-10.623408,-3.9546778,WEST BENGAL,MURSHIDABAD
-4.3297806,8.282715,1.1979698,30.35812,-1.600758,-10.515921,2.36864,WEST BENGAL,BIRBHUM
0.154673,11.404866,1.7386916,79.55817,9.6587305,-0.44737464,0.7719394,WEST BENGAL,BARDDHAMAN
-5.4238296,4.032459,0.98001,42.840862,-3.6347427,-6.357704,-4.5806336,WEST BENGAL,NADIA
0.3267972,14.556261,4.900859,100.12688,13.998277,-5.911922,-2.0981996,WEST BENGAL,NORTH TWENTY FOUR PARGANAS
1.0080024,10.303297,1.1254852,58.651035,0.36982316,-5.952908,-1.1394277,WEST BENGAL,HUGLI
1.4324242,7.3582654,1.3488939,30.966537,-0.7900317,-5.8188577,-3.12638,WEST BENGAL,BANKURA
3.0617826,3.3243976,-1.0934027,19.713156,-0.77453285,-9.966526,-5.0230637,WEST BENGAL,PURULIYA
-1.5444998,8.430249,1.1602882,48.02521,3.311793,-8.9505825,-0.5576157,WEST BENGAL,HAORA
6.4868517,10.180828,6.803877,48.845623,14.590702,-4.2191696,3.80168,WEST BENGAL,KOLKATA
-4.7600803,13.982145,3.4603229,84.8814,8.660354,-7.913211,-2.397327,WEST BENGAL,SOUTH TWENTY FOUR PARGANAS
-4.8425527,3.3539183,2.2621057,54.543266,-7.9205475,-6.6835904,-4.549514,WEST BENGAL,PASCHIM MEDINIPUR
-0.18631385,4.608343,3.1252759,44.873108,-5.408968,-6.644411,-4.4497237,WEST BENGAL,PURBA MEDINIPUR
3.033542,-7.8479753,-1.7588942,-13.810548,-1.8452935,-8.050583,-4.74012,JHARKHAND,GARHWA
3.581775,-7.357855,-1.7259896,-17.116467,-1.7013942,-8.108621,-4.4691925,JHARKHAND,CHATRA
-3.0875375,-3.7147417,-0.6343912,-18.73598,-0.76355803,-8.542764,-4.4976587,JHARKHAND,KODARMA
-0.072992116,-0.87466097,-1.8157393,8.520529,-3.9475584,-9.927521,-6.6715927,JHARKHAND,GIRIDIH
-1.9992633,-3.9830248,-0.6035828,-6.1058397,-2.141254,-9.630044,-5.365029,JHARKHAND,DEOGHAR
-2.960409,-3.2377505,-0.30967358,-11.982033,-1.5719457,-8.798043,-5.7160926,JHARKHAND,GODDA
-0.23326933,-6.945206,-0.63780475,-13.276184,-1.3922162,-8.586856,-5.2671394,JHARKHAND,SAHIBGANJ
2.043546,-6.6555367,-0.99729824,-19.35341,-0.9174451,-8.055843,-4.4961915,JHARKHAND,PAKUR
-7.5284095,1.6747596,-0.034210324,15.808416,-3.7375543,-12.013699,-5.3857164,JHARKHAND,DHANBAD
-4.2734613,1.0226502,0.7587698,8.76978,-1.8263867,-10.195075,-5.977699,JHARKHAND,BOKARO
0.31248435,-7.2697043,-1.1121836,-24.484314,-1.8586684,-7.8111105,-3.4743276,JHARKHAND,LOHARDAGA
-4.2810297,2.168885,1.5439688,8.0990095,4.0115004,-10.732159,-6.998617,JHARKHAND,PURBI SINGHBHUM
1.7565827,-3.7473652,-2.254464,0.16425039,-0.97863704,-8.868471,-5.743043,JHARKHAND,PALAMU
3.2575707,-7.4936604,-1.5670229,-20.65253,-1.5271412,-8.081714,-4.302335,JHARKHAND,LATEHAR
-3.9723997,-3.4195106,-0.9328929,-4.0613723,-1.7541634,-9.277209,-5.5598636,JHARKHAND,HAZARIBAGH
-3.1382265,-3.1881597,0.21317627,-17.846682,-0.6384945,-8.81423,-4.246761,JHARKHAND,RAMGARH
2.5486293,-3.7050521,-1.2782279,-12.834756,-0.79714066,-7.9484487,-4.303365,JHARKHAND,DUMKA
-2.7706296,-6.1082034,-0.6661533,-18.987764,-1.0486177,-8.646801,-4.4511585,JHARKHAND,JAMTARA
-3.6482985,2.6104755,0.9170851,17.097403,-2.3667588,-11.387784,-6.05623,JHARKHAND,RANCHI
2.9831638,-7.348436,-0.5149195,-24.166077,-2.342721,-7.7067466,-3.5672367,JHARKHAND,KHUNTI
3.2589257,-7.0770464,-0.4889863,-17.528183,-1.4971955,-8.129564,-4.1644,JHARKHAND,GUMLA
2.732651,-7.4025445,-1.0943711,-22.91939,-2.3526604,-7.5532327,-3.6406102,JHARKHAND,SIMDEGA
2.9800045,-3.5055957,-1.6592888,-5.089627,-0.47653338,-8.455977,-4.9382806,JHARKHAND,PASHCHIMI SINGHBHUM
-2.0450473,-2.9796078,-0.64716375,-15.102689,-0.68148315,-8.792951,-4.763377,JHARKHAND,SARAIKELA KHARSAWAN
2.7057507,4.6828203,1.9583875,-5.455767,3.7971082,5.6548953,0.16847345,ODISHA,BARGARH
-2.169771,-2.221797,1.3905811,-25.404947,-2.6674554,3.581967,0.7128456,ODISHA,JHARSUGUDA
0.8212901,4.5733824,1.974775,-19.936152,-2.1336982,2.3258276,-0.41361585,ODISHA,SAMBALPUR
2.3937607,-7.0283375,-0.41451937,-29.107584,-2.757535,4.5953813,0.2401509,ODISHA,DEBAGARH
3.1398468,3.9705088,1.0289475,17.065855,4.6017866,5.9815493,0.770637,ODISHA,SUNDARGARH
1.913211,4.061995,-0.49620745,6.145622,-1.5339211,7.571449,1.1371919,ODISHA,KENDUJHAR
6.638706,10.214457,-0.43184334,20.096395,0.54696214,6.7423267,1.7207478,ODISHA,MAYURBHANJ
1.1968892,2.601399,1.7754651,12.33197,-1.5070648,7.1980867,1.7284353,ODISHA,BALESHWAR
1.2451947,2.4517941,0.5362786,-3.6188505,-1.6107446,5.825432,1.0102128,ODISHA,BHADRAK
2.814243,3.204069,-0.2108621,-4.265835,-2.3090947,5.9583807,0.9382484,ODISHA,KENDRAPARA
-4.089497,2.227638,0.8345883,-13.66264,-1.5369714,4.3598866,0.9930652,ODISHA,JAGATSINGHAPUR
-2.392464,9.45103,1.1015381,19.826368,1.1493894,5.950294,2.6307976,ODISHA,CUTTACK
-2.9823277,10.271784,-1.5917983,0.41902536,1.0043557,6.406359,1.7443806,ODISHA,JAJAPUR
0.7550023,2.1367683,2.0099442,-12.730302,-1.3981209,5.878502,0.5397176,ODISHA,DHENKANAL
-2.4996138,2.5674357,2.5028834,-12.022766,-1.5238073,5.4757266,0.35413617,ODISHA,ANUGUL
4.9046116,3.0237813,1.9033108,-17.64565,-1.7417898,6.1346455,0.44158885,ODISHA,NAYAGARH
-3.3312552,11.109145,1.411161,11.063367,1.7618555,6.2944245,2.503218,ODISHA,KHORDHA
-1.7077848,4.7356777,0.9466,-3.3275125,-1.1054889,6.8361826,1.629621,ODISHA,PURI
3.98586,8.091301,1.7113589,33.47361,-0.37054077,3.8129053,2.032617,ODISHA,GANJAM
2.4965281,-4.132773,0.62496614,-25.952295,-1.5561337,4.598257,0.53824764,ODISHA,GAJAPATI
4.164429,2.873386,-0.12142427,-21.307617,-1.7624257,6.5112524,0.5397695,ODISHA,KANDHAMAL
2.997225,-4.563694,-0.20050913,-28.598965,-2.8124616,4.644868,0.10006378,ODISHA,BAUDH
0.9584404,0.9008016,0.61962956,-24.041098,-1.8718379,1.5083439,-1.4391165,ODISHA,SUBARNAPUR
1.9524393,4.370417,-0.69864315,-3.799749,-2.5313103,7.642324,0.91609496,ODISHA,BALANGIR
2.8897743,-3.8638155,-0.86810637,-24.005352,-1.5658945,5.2021923,0.36985514,ODISHA,NUAPADA
4.9052625,3.3122125,-1.4418716,-3.809746,-1.0316843,5.916663,0.20097756,ODISHA,KALAHANDI
3.5979612,-2.0652022,0.35940918,-16.758907,-2.1841354,6.1843987,0.6172204,ODISHA,RAYAGADA
3.7022963,1.5286599,0.037442103,-13.505786,-1.4387914,6.020738,0.34544066,ODISHA,NABARANGAPUR
4.5647473,3.8880308,-0.1617874,-5.235108,-0.9155832,5.6413107,0.35385466,ODISHA,KORAPUT
2.8677003,-3.9836245,-0.13573174,-23.115456,-1.5813279,5.7896996,0.50776273,ODISHA,MALKANGIRI
2.5679746,-3.4447682,-0.49308088,-20.928642,-0.3539691,-2.6659136,-2.4661121,CHHATTISGARH,KORIYA
4.620128,-0.07090554,-2.1187758,9.730823,-3.8206246,-1.7839899,-4.956274,CHHATTISGARH,SURGUJA
2.508557,-4.5301776,-0.35688338,-20.63178,-0.72513294,-1.2671467,-3.258362,CHHATTISGARH,JASHPUR
-2.7255533,3.3897195,0.7100393,-2.672152,0.58730286,-0.71747786,-2.1585941,CHHATTISGARH,RAIGARH
-2.4700222,10.640172,0.77452266,-13.395982,-0.8329652,-3.3921192,-1.3355372,CHHATTISGARH,KORBA
-2.3421316,-2.959856,0.37422985,-2.85238,-0.53962314,-1.8153547,-4.4169645,CHHATTISGARH,JANJGIR CHAMPA
-4.6990924,2.13416,-0.38608873,17.46053,-3.2800431,-3.154934,-5.318723,CHHATTISGARH,BILASPUR
0.47920305,3.9776022,-0.8879397,-21.271906,-1.526818,-1.134859,-2.3658185,CHHATTISGARH,KABEERDHAM
4.0087748,3.5089006,1.4994882,-2.1489465,-0.33004028,-0.77996415,-2.2753334,CHHATTISGARH,RAJNANDGAON
-5.235919,1.081748,2.0399525,27.868105,-3.3716466,-10.140673,-6.0965953,CHHATTISGARH,DURG
-4.730602,5.126812,-1.5592833,21.938261,-2.8467045,-11.4745245,-5.336128,CHHATTISGARH,RAIPUR
-0.19113103,-4.5116057,0.52131903,-15.899253,-0.63924694,-1.992275,-2.506634,CHHATTISGARH,MAHASAMUND
2.935257,-4.2386136,2.4310498,-20.848227,0.09640589,-2.351964,-0.5873227,CHHATTISGARH,DHAMTARI
3.7325141,4.9066443,-0.039214555,-23.013988,3.6164305,-2.1893592,-2.5231237,CHHATTISGARH,UTTAR BASTAR KANKER
3.4102156,-3.6311116,0.22757839,-5.1978273,-0.22245327,2.0406482,-3.7367947,CHHATTISGARH,BASTAR
1.3713181,-10.169937,0.8886881,-29.45816,-2.5629363,-1.9336735,-3.3432355,CHHATTISGARH,NARAYANPUR
2.2631407,2.0247374,0.47059563,-26.543562,-1.0398968,0.6988275,-3.215381,CHHATTISGARH,DAKSHIN BASTAR DANTEWADA
1.4505937,-10.116614,0.9108789,-29.056276,-2.5468535,-1.2227948,-3.2224846,CHHATTISGARH,BIJAPUR
2.317633,-7.835003,-0.7075782,-21.664946,-0.8878989,-3.7661033,-1.680729,MADHYA PRADESH,SHEOPUR
-2.8025713,0.53971666,-1.0162874,0.5819157,-2.0439882,-3.7915497,-2.0348787,MADHYA PRADESH,MORENA
-3.0047638,-3.5628328,0.28664333,-2.371745,-0.36068386,-3.6474664,-1.952554,MADHYA PRADESH,BHIND
-1.6757181,3.6089435,1.8942624,2.4710693,-3.1163676,-4.720952,-1.8894763,MADHYA PRADESH,GWALIOR
-2.5493343,-3.906947,0.73710406,-19.332123,-0.354901,-3.2945793,-2.1695814,MADHYA PRADESH,DATIA
1.7240262,-3.8605354,-2.5074081,-4.21308,-1.4425062,-4.0776186,-2.0322645,MADHYA PRADESH,SHIVPURI
-2.7565928,-4.6585193,-1.5905815,-5.1322365,-0.989802,-3.8670866,-2.157934,MADHYA PRADESH,TIKAMGARH
2.1210346,2.5025082,-0.26073262,2.8409836,-2.6302657,-3.981537,-1.8588715,MADHYA PRADESH,CHHATARPUR
2.9082778,-4.411771,-0.4548394,-17.645252,-0.7795567,-3.6797318,-2.1258578,MADHYA PRADESH,PANNA
0.83676094,3.794407,0.46736854,11.588765,-2.2166185,-5.8321304,-1.2963159,MADHYA PRADESH,SAGAR
1.2971008,2.678578,-0.9924325,-14.562273,3.627566,-4.028618,-2.2815595,MADHYA PRADESH,DAMOH
-3.2525687,2.9230855,0.62857777,11.759423,-0.95554024,-4.8301024,-1.2827344,MADHYA PRADESH,SATNA
-3.8367949,0.91276675,-0.04788993,10.672996,-1.4122949,-4.084557,-1.4202626,MADHYA PRADESH,REWA
2.5078502,-7.8516326,-1.1453577,-21.95949,-1.6558444,-3.6058848,-1.7542524,MADHYA PRADESH,UMARIA
0.17434618,-3.1411939,0.111906804,-20.086206,-1.9350425,-3.492907,-2.2382822,MADHYA PRADESH,NEEMUCH
1.914778,1.9761637,0.5861243,-4.680048,-0.5910127,-3.7685158,-2.361805,MADHYA PRADESH,MANDSAUR
-2.822244,3.1095893,-1.085708,-4.362424,-0.45753372,-3.7552416,-2.148028,MADHYA PRADESH,RATLAM
-3.7709334,3.0381982,1.1648883,0.69955593,-4.083267,-4.5014715,-1.8607098,MADHYA PRADESH,UJJAIN
0.4525017,-4.147238,-1.1097038,-4.782855,-1.9219775,-3.9394455,-2.2547247,MADHYA PRADESH,SHAJAPUR
0.6664618,4.1996517,-1.0991952,-2.8406453,-2.2682502,-3.909514,-1.5415004,MADHYA PRADESH,DEWAS
0.7241928,4.055116,-1.0950078,12.042458,-1.292247,-4.3507557,-0.69939286,MADHYA PRADESH,DHAR
-3.8721325,5.723955,-2.119553,30.775879,-1.8614241,-6.19861,-1.6863968,MADHYA PRADESH,INDORE
3.465579,2.7904084,-2.706258,1.5586165,-1.243349,-4.0648212,-1.8119617,MADHYA PRADESH,WEST NIMAR
3.334089,-4.302759,-0.46925795,-5.7844524,-0.49731126,-3.9486363,-1.9760869,MADHYA PRADESH,BARWANI
0.40138388,-3.7945607,-1.6889135,-3.2935946,-1.8601512,-3.924069,-1.9392031,MADHYA PRADESH,RAJGARH
0.5745333,-4.1210804,-0.9669955,-4.999597,-1.6033871,-3.9158938,-2.2158816,MADHYA PRADESH,VIDISHA
-4.818014,2.7148585,1.5889939,10.384226,-1.412941,-4.237183,-1.2553058,MADHYA PRADESH,BHOPAL
1.166904,1.2508966,-0.8677702,-11.64394,-1.1929032,-3.6210718,-2.3308992,MADHYA PRADESH,SEHORE
0.46676394,-2.7167976,0.049189072,-9.009297,0.024688426,-3.5943375,-2.3202922,MADHYA PRADESH,RAISEN
4.976886,3.3465633,-1.0128006,-3.168697,-0.21584614,-3.9372063,-2.1976936,MADHYA PRADESH,BETUL
1.9969586,-6.578001,0.2386639,-25.04017,-1.0747529,-3.59589,-2.2347538,MADHYA PRADESH,HARDA
1.6993107,-4.8591814,0.90030867,-13.474685,-0.43818882,-3.4920712,-2.1030915,MADHYA PRADESH,HOSHANGABAD
0.11627774,-4.1532645,-0.13009669,-12.5666275,-1.8232843,-3.4586256,-2.2616198,MADHYA PRADESH,KATNI
-1.5767633,3.051819,-1.2294569,13.161009,4.871245,-4.0937996,-0.79405725,MADHYA PRADESH,JABALPUR
0.29711193,-4.348702,1.8050449,-13.968754,-0.7311858,-3.3583357,-1.8067212,MADHYA PRADESH,NARSIMHAPUR
2.9659412,-7.0776815,-0.40718386,-21.293913,-0.8939944,-3.7232912,-1.7728764,MADHYA PRADESH,DINDORI
3.6747742,-4.302787,-0.81288934,-15.915261,0.36851588,-3.6392198,-2.026523,MADHYA PRADESH,MANDLA
6.979015,5.7896657,0.6865075,15.918713,-0.116885334,-4.445742,-0.97420365,MADHYA PRADESH,CHHINDWARA
4.32912,1.6644031,0.19803824,-5.025952,-0.8990306,-3.852887,-2.209902,MADHYA PRADESH,SEONI
5.5635037,2.913036,2.4616134,-2.0445356,0.05271908,-3.8108509,-1.8069152,MADHYA PRADESH,BALAGHAT
-0.17925465,-3.8396866,-1.6328092,-13.006314,-0.8488921,-3.6348627,-2.036421,MADHYA PRADESH,GUNA
0.045701347,-6.699917,-1.1252213,-19.93583,-0.63473976,-3.6693223,-1.9740828,MADHYA PRADESH,ASHOKNAGAR
2.926558,-4.2218623,-0.9983276,-15.556197,-0.51276916,-3.616801,-2.001584,MADHYA PRADESH,SHAHDOL
-0.44986206,-3.5868309,-0.7563704,-20.26559,-0.30417737,-3.6566823,-2.0063868,MADHYA PRADESH,ANUPPUR
0.4985626,-4.921587,-0.040583283,-14.117167,-0.81114936,-3.7722666,-2.0174332,MADHYA PRADESH,SIDHI
-2.7931118,-7.5348644,-0.70373344,-13.952003,-1.6163887,-3.6834562,-1.8511422,MADHYA PRADESH,SINGRAULI
-0.07149086,-4.097985,0.059407063,-16.37827,0.4688986,-3.6322448,-1.834129,MADHYA PRADESH,JHABUA
2.212684,-7.7448435,-0.2610252,-21.121862,-1.2243576,-3.7563972,-1.5709506,MADHYA PRADESH,ALIRAJPUR
3.420479,-3.6787956,-1.1583238,-13.142297,-0.047785025,-3.6145108,-2.0806687,MADHYA PRADESH,EAST NIMAR
2.9374661,-4.2081056,-0.390498,-20.842579,-0.50569445,-3.711768,-1.9530612,MADHYA PRADESH,BURHANPUR
5.920366,6.9741707,-0.13673918,15.314674,-2.7967908,4.648896,-4.5762415,GUJARAT,KACHCHH
8.6622,5.141735,0.48581025,43.901306,5.8362675,11.102912,-1.7984675,GUJARAT,BANAS KANTHA
4.6909113,3.6160355,1.3920996,-4.860251,-0.7435173,-6.3600464,3.6218646,GUJARAT,PATAN
-2.6027126,3.139511,0.37969196,8.396378,4.7524605,-4.353113,0.35835826,GUJARAT,MAHESANA
2.480844,3.7786193,0.21379973,13.326705,1.4898124,-4.847061,-1.9110969,GUJARAT,SABAR KANTHA
-7.5013022,5.876123,0.008121952,-4.1339836,-0.72682536,-6.75446,5.1177588,GUJARAT,GANDHINAGAR
0.37904456,13.146601,-0.14627679,82.70804,3.3826463,-7.71064,-3.304064,GUJARAT,AHMADABAD
2.3888528,2.7823362,1.4811512,1.8604331,-1.5776451,-6.3383145,2.430158,GUJARAT,SURENDRANAGAR
-4.373818,7.8214965,1.720155,24.405874,-2.298344,-4.939196,2.6681397,GUJARAT,RAJKOT
-2.9838355,2.6417303,-0.1513918,10.31262,-3.0129542,-2.9322908,-4.654758,GUJARAT,JAMNAGAR
-0.10962455,-4.0492043,1.8405505,-21.63777,-0.87608784,-5.9004045,3.3431165,GUJARAT,PORBANDAR
0.17339565,1.9819034,1.3131697,17.842941,-4.932216,-9.041499,-2.6213927,GUJARAT,JUNAGADH
2.893626,4.6375127,2.0623038,-3.5150566,-0.36642715,-2.3725107,-3.0526764,GUJARAT,AMRELI
0.314998,5.49845,1.0538498,18.097113,-3.2747,-5.7763467,-5.499492,GUJARAT,BHAVNAGAR
-5.188625,2.7637663,-0.31780845,15.853738,5.3865924,-1.3574879,6.99793,GUJARAT,ANAND
-3.9824781,2.8453443,1.4921167,10.350172,4.490875,-4.3507175,1.5140042,GUJARAT,KHEDA
0.77058893,2.9073305,-0.912296,11.448421,-1.3888946,-4.3683033,-1.162581,GUJARAT,PANCH MAHALS
3.5753348,-2.3291004,2.8054526,17.206312,0.3263095,-4.135762,0.13177326,GUJARAT,DOHAD
-0.41440722,4.5408025,1.442888,32.21658,-1.7301124,-4.526994,2.542742,GUJARAT,VADODARA
2.2331843,-6.620214,0.31078124,-24.469358,-0.9943836,3.0511358,-2.974944,GUJARAT,NARMADA
-3.7656229,5.651857,1.6989337,-4.0622754,-2.0026696,-6.9148955,1.3639122,GUJARAT,BHARUCH
0.8314366,-8.678911,-0.0036175186,-29.24488,-2.820728,8.475534,-0.13412285,GUJARAT,THE DANGS
-2.2180574,6.3199425,0.6935991,-7.4263697,0.42502558,-1.0033953,0.116286635,GUJARAT,NAVSARI
-4.0507336,5.65501,4.2929482,-0.76092815,-1.795027,-0.81781703,7.479226,GUJARAT,VALSAD
-1.4432253,9.65732,-0.656494,71.33198,2.2356868,-1.5903795,0.8646299,GUJARAT,SURAT
1.755587,-2.8271534,0.129028,-21.569637,-0.1691556,-2.710461,3.453605,GUJARAT,TAPI
2.5819695,-8.878462,-0.009273141,-25.235935,-1.4532537,-1.1521704,1.207979,DAMAN DIU,DIU
2.4032454,-1.0819128,-0.045068532,-24.976313,-1.8642637,2.296433,-0.7861137,DAMAN DIU,DAMAN
0.8043761,2.5804422,-0.42493796,-25.172546,-0.5915621,2.917636,-0.8292834,DADRA NAGAR HAVELI,DADRA NAGAR HAVELI
0.90643555,2.0070198,0.44358554,-2.8923094,-0.884658,5.603178,-0.043845527,MAHARASHTRA,NANDURBAR
1.6012231,1.7828226,-0.16830502,11.899473,-2.2494802,2.6527355,-1.0866436,MAHARASHTRA,DHULE
0.09089122,9.78194,1.9134018,42.08634,-0.6343607,8.694464,-1.5613856,MAHARASHTRA,JALGAON
1.7323914,2.0537832,-1.4663477,18.265583,-1.9116446,6.1510253,-4.7483883,MAHARASHTRA,BULDANA
-1.472073,2.7576623,-0.45055822,-0.15947722,-4.760475,4.1213164,-5.4514313,MAHARASHTRA,AKOLA
1.3694583,-4.5966663,-0.48057586,-15.005113,-1.5121037,6.6224875,-1.6836067,MAHARASHTRA,WASHIM
1.5169374,3.368523,-0.24275853,22.340357,-0.40439,9.928552,-5.075863,MAHARASHTRA,AMRAVATI
-0.046906143,3.330625,-0.5243709,-15.054986,-1.662727,4.2010283,3.1347275,MAHARASHTRA,WARDHA
-5.015564,11.228858,1.6919467,51.403187,2.642111,12.929491,-4.8521605,MAHARASHTRA,NAGPUR
1.5504795,3.235707,-0.5917266,-15.421362,-2.330242,4.0140276,-3.6596484,MAHARASHTRA,BHANDARA
4.7103043,3.2105165,0.015918039,-15.099793,-1.4507449,6.764342,-3.5174365,MAHARASHTRA,GONDIYA
3.5620673,1.4158978,1.4169993,-16.262123,-1.1024438,7.500475,-3.4281218,MAHARASHTRA,GADCHIROLI
2.4811246,2.6374323,0.66095906,11.123225,-3.1904747,6.114954,-3.6792524,MAHARASHTRA,CHANDRAPUR
2.0261269,0.34020546,-0.8404156,21.621868,3.2191503,8.478489,-4.706696,MAHARASHTRA,YAVATMAL
-0.7220461,2.4351451,-0.053689443,36.432667,-1.7827601,13.64956,-5.5983453,MAHARASHTRA,NANDED
1.2159724,-4.60634,0.84336364,-14.438014,-2.1398387,4.3520246,-3.6918216,MAHARASHTRA,HINGOLI
0.74048555,1.8362023,-0.060201094,2.2693439,-2.7709668,2.2814176,-2.5240467,MAHARASHTRA,PARBHANI
1.1463046,1.7731575,-0.038384926,-0.3525518,0.21023218,4.221167,-0.965176,MAHARASHTRA,JALNA
-4.124039,7.8214726,1.5839816,31.60496,-0.7654316,10.053797,-4.087438,MAHARASHTRA,AURANGABAD
-4.752315,13.911774,-1.6418811,84.343185,5.7396684,24.304739,2.3900065,MAHARASHTRA,NASHIK
0.6421349,7.500293,-0.34775403,95.64489,8.190865,0.7811646,-2.3699799,MAHARASHTRA,THANE
-10.587286,0.25997978,-3.6249254,76.28618,7.4005404,-7.498427,-2.4967964,MAHARASHTRA,MUMBAI SUBURBAN
-5.6481833,5.4818573,-4.0625176,16.852503,-4.4868245,-10.741834,-2.9583635,MAHARASHTRA,MUMBAI
-0.51875347,7.4919972,-3.3614588,22.823227,-2.1738374,2.201045,7.055618,MAHARASHTRA,RAIGARH
3.5681252,16.975426,4.262979,110.53726,14.575309,11.284925,4.067864,MAHARASHTRA,PUNE
-5.3070083,9.01133,1.3154888,51.974457,0.48090822,13.075106,1.9089429,MAHARASHTRA,AHMADNAGAR
-0.07055994,2.436085,1.4509722,19.41472,-2.4567118,8.365834,-2.2356176,MAHARASHTRA,BID
0.45007926,2.7309809,0.8689204,12.608612,-2.0492816,8.696749,-5.5658317,MAHARASHTRA,LATUR
1.1198958,4.7706704,2.713948,-5.0799503,3.6386256,4.196613,-1.7892756,MAHARASHTRA,OSMANABAD
-4.5427523,7.4672103,1.5779226,44.192566,-1.1968584,14.479995,-2.9071662,MAHARASHTRA,SOLAPUR
-0.08072811,6.4512267,-1.0280457,23.098955,-3.53553,3.4323928,6.7300467,MAHARASHTRA,SATARA
5.052413,6.216636,-1.2085257,-0.19326621,5.5491133,-1.3132552,15.891755,MAHARASHTRA,RATNAGIRI
4.1911383,3.5693574,-1.0732067,-22.237608,-1.614599,-2.5275736,8.171342,MAHARASHTRA,SINDHUDURG
1.2179202,8.508603,-2.222989,26.726868,2.2957065,-2.3728888,17.383003,MAHARASHTRA,KOLHAPUR
0.020784773,3.1701553,-2.1201286,22.109545,-2.507564,-3.24298,21.663837,MAHARASHTRA,SANGLI
3.4709496,2.5238664,-0.53737104,19.03413,-2.677459,-6.021925,-1.842902,ANDHRA PRADESH,ADILABAD
-3.0344088,7.35936,-0.95052445,16.418089,-1.3262177,-5.7524347,-1.5170479,ANDHRA PRADESH,NIZAMABAD
-4.2596455,7.068072,-0.7744505,25.750456,-0.2855189,-6.7028847,-1.5053973,ANDHRA PRADESH,KARIMNAGAR
-1.6260198,4.816567,-0.82244354,19.917885,-2.8209953,-6.642846,-1.6087265,ANDHRA PRADESH,MEDAK
3.77468,2.0531087,-1.6275555,22.566435,8.872337,-5.2502704,-0.65713966,ANDHRA PRADESH,HYDERABAD
-2.1506863,10.730303,0.19620529,47.42511,2.8636339,-6.930441,-0.83661085,ANDHRA PRADESH,RANGAREDDY
-1.0583575,5.857509,-1.0134587,24.33211,-1.430586,-6.21261,-1.1149783,ANDHRA PRADESH,MAHBUBNAGAR
-3.7115674,4.5431314,-1.5466446,31.732473,0.55319613,-6.8757644,-1.3683538,ANDHRA PRADESH,NALGONDA
-0.24605502,5.263093,-0.87295467,30.989714,-1.9578507,-6.5947313,-1.4054434,ANDHRA PRADESH,WARANGAL
4.932471,4.873885,-1.7718529,19.063404,-3.3572328,-6.0464454,-1.8466963,ANDHRA PRADESH,KHAMMAM
1.3834816,4.9065146,-1.7357091,18.411207,-4.1316686,-6.954421,-2.6395328,ANDHRA PRADESH,SRIKAKULAM
4.95565,4.775547,-3.5231676,10.292629,-4.303358,-5.3504896,-1.8182633,ANDHRA PRADESH,VIZIANAGARAM
-3.8403053,8.620765,-2.4014127,37.692543,-1.8351171,-6.1943426,-1.34185,ANDHRA PRADESH,VISAKHAPATNAM
-3.6400595,2.1187825,0.41021654,35.021214,6.5076027,0.6819492,18.968794,ANDHRA PRADESH,EAST GODAVARI
-0.93829596,3.7090626,1.7392788,24.04484,0.94252485,-6.158446,-1.3682976,ANDHRA PRADESH,WEST GODAVARI
-5.6707582,6.8600936,0.22416899,43.72606,-4.087285,-6.2036905,-1.3321321,ANDHRA PRADESH,KRISHNA
-4.714189,6.554691,-0.6510454,35.80013,2.6120431,0.25253958,6.751892,ANDHRA PRADESH,GUNTUR
5.1272154,2.263263,-2.2404096,32.008297,-0.60841733,-6.9376507,-1.6081878,ANDHRA PRADESH,PRAKASAM
0.47519386,4.8308244,0.4590262,19.319767,-3.082936,-5.703862,-1.8356731,ANDHRA PRADESH,SRI POTTI SRIRAMULU NELLORE
5.3912625,7.467008,-0.8298872,19.65711,-0.1565495,-6.004543,-1.9141902,ANDHRA PRADESH,YSR KADAPA
4.344512,1.1755637,-1.0970855,26.65514,-1.151933,-8.179731,18.848135,ANDHRA PRADESH,KURNOOL
4.3563557,3.4142027,-1.932293,30.75476,-0.68133247,-5.500613,-1.1390392,ANDHRA PRADESH,ANANTAPUR
-1.5737914,7.6442547,-1.6021129,30.739447,1.7152822,-5.9058337,0.037047364,ANDHRA PRADESH,CHITTOOR
-3.514786,8.727186,-0.868657,45.648586,1.1877042,8.965451,-2.9953215,KARNATAKA,BELGAUM
0.68849236,4.530238,-0.51232415,0.90386945,2.0210233,4.131697,-4.7071824,KARNATAKA,BAGALKOT
1.8633165,1.95823,-0.5613306,12.0617485,-2.9457934,3.6012309,-3.6779559,KARNATAKA,BIJAPUR
0.72372997,3.5366983,0.38322306,-1.6719668,-1.0880724,7.3102617,-1.2568365,KARNATAKA,BIDAR
0.82879,3.179183,-0.37976986,0.76038146,-2.3858786,8.789735,-4.3097963,KARNATAKA,RAICHUR
1.0772291,1.1202664,-0.4755852,-3.9189703,-1.9048393,3.8937054,-2.8228652,KARNATAKA,KOPPAL
1.0489154,1.8585807,1.4473326,-16.183498,-1.2420402,1.6020486,-0.61850846,KARNATAKA,GADAG
-3.426048,3.952348,-1.4764633,0.5278338,0.80796427,4.1162415,-1.8626047,KARNATAKA,DHARWAD
5.997699,5.478847,1.2532812,-4.558843,-1.0200514,3.5184,-0.79300964,KARNATAKA,UTTARA KANNADA
1.2163603,3.5868204,4.624371,-1.4239796,-0.37537667,3.3304942,-0.3753172,KARNATAKA,HAVERI
-3.7652729,3.7887087,-0.15530631,12.359086,-0.9977638,7.978647,-3.8119025,KARNATAKA,BELLARY
1.6004053,4.1972914,5.8118777,3.528868,-0.5015947,-0.20332853,27.312757,KARNATAKA,CHITRADURGA
1.1980271,3.629754,3.643621,6.352333,-0.79917485,-1.8763695,10.38153,KARNATAKA,DAVANAGERE
6.047643,6.3707576,2.9189441,7.5859666,6.6865864,-0.251058,15.536254,KARNATAKA,SHIMOGA
4.1731215,5.2434134,-1.9110273,-13.587986,5.306509,-2.2381012,19.72985,KARNATAKA,UDUPI
4.6380835,7.80663,2.4637465,-11.613142,1.3689314,0.13517427,22.392498,KARNATAKA,CHIKMAGALUR
-0.21916021,10.0547285,10.22872,23.76356,0.8461539,-4.5595427,32.683468,KARNATAKA,TUMKUR
-0.2649979,3.1679304,3.6596625,90.49723,13.908584,-6.038251,11.906167,KARNATAKA,BANGALORE
-1.058087,5.5889797,6.0258565,11.853536,6.9535704,-2.0436852,35.153934,KARNATAKA,MANDYA
4.1390553,6.3780856,8.411648,12.961135,7.6060185,-2.0540287,32.77162,KARNATAKA,HASSAN
-0.1695477,3.5495286,-1.5104867,16.074348,-0.88735414,-2.787567,19.208252,KARNATAKA,DAKSHINA KANNADA
2.4523606,-6.997014,-0.97310257,-27.876217,-1.6117543,-4.2326994,13.610356,KARNATAKA,KODAGU
-2.383797,4.5773497,1.5333539,23.30547,-2.3677697,5.9007277,3.5909686,KARNATAKA,MYSORE
1.788693,1.8187108,2.9293993,-16.766365,-0.7737485,-0.39542866,19.236656,KARNATAKA,CHAMARAJANAGAR
2.5577164,1.5856451,-0.6709617,18.323496,-2.8526058,4.7444715,-3.461379,KARNATAKA,GULBARGA
0.4754876,-3.7691221,1.2421198,-14.637706,-1.848794,5.3466187,-3.5371287,KARNATAKA,YADGIR
-0.97216666,4.726734,2.160841,-3.6472921,-0.6565047,4.8553057,-1.1690961,KARNATAKA,KOLAR
-1.9915451,3.4165492,2.6814246,-11.012348,-0.43962455,1.7699903,11.052463,KARNATAKA,CHIKKABALLAPURA
-4.141591,4.7650642,2.0917416,-15.292383,-0.8763234,0.88879573,15.495289,KARNATAKA,BANGALORE RURAL
-1.5772967,3.9425695,4.5446987,-12.408624,-0.9307028,-5.2474,24.631239,KARNATAKA,RAMANAGARA
-5.039394,4.6920376,-6.6765103,-22.346214,-1.9802002,-4.4483237,3.651153,GOA,NORTH GOA
-5.233972,3.2983124,0.14483044,-21.931318,-1.1558154,-4.3107424,0.07632042,GOA,SOUTH GOA
2.4078097,-7.709492,-4.1009455,-32.21857,-3.2196875,2.7562377,14.562411,LAKSHADWEEP,LAKSHADWEEP
4.8881598,5.1334615,1.7809579,-13.468456,-1.3367676,-3.607437,-1.7248304,KERALA,KASARAGOD
6.579229,4.569668,-3.2522101,21.675896,-0.34882942,6.6574135,14.876578,KERALA,KANNUR
5.197555,4.1481338,-1.0700582,-23.804296,-3.4893365,-5.368809,7.201249,KERALA,WAYANAD
6.021938,3.129004,-3.3136375,28.155323,-2.1065469,0.6874681,16.33681,KERALA,KOZHIKODE
7.9079275,9.297457,4.6765466,36.91258,2.7599247,-5.2523804,3.866957,KERALA,MALAPPURAM
3.8955662,5.106963,-0.23085357,23.381649,-0.56775606,5.390409,13.372814,KERALA,PALAKKAD
-2.4918938,8.558163,-3.6114967,32.507164,3.9205167,3.0481555,14.399466,KERALA,THRISSUR
-1.3949239,13.42618,-2.9001958,34.347084,7.016479,3.8796291,14.548011,KERALA,ERNAKULAM
5.4358644,4.883901,-4.2320046,-14.548752,-0.30119386,2.5852842,12.066336,KERALA,IDUKKI
2.0529525,6.222479,-3.6489277,4.916685,-1.6246997,6.957393,14.534725,KERALA,KOTTAYAM
-3.2657275,5.937727,-5.0028367,16.416811,-0.871973,6.2734175,14.842,KERALA,ALAPPUZHA
5.259931,4.854629,-4.218282,-13.581031,1.0638229,5.916816,9.299929,KERALA,PATHANAMTHITTA
-2.425949,3.5094268,-4.998969,21.753197,-0.94251996,5.3013916,14.785147,KERALA,KOLLAM
-0.65892595,12.125305,-3.272896,32.85457,1.5698158,3.4986207,20.889767,KERALA,THIRUVANANTHAPURAM
-4.7088957,5.539299,-0.7127338,22.527939,-0.112234525,0.5210642,-1.010523,TAMIL NADU,THIRUVALLUR
1.9506915,17.624174,0.88941157,49.380333,14.521123,2.2863007,-0.23269947,TAMIL NADU,CHENNAI
-8.757176,-0.1937997,-2.248743,19.990639,-2.442282,-1.2046821,-1.7573097,TAMIL NADU,KANCHEEPURAM
-5.043713,2.4012513,-2.4940507,20.125427,-2.4084072,0.7402489,-2.0177186,TAMIL NADU,VELLORE
1.3192888,3.080059,2.646641,17.960224,0.91367984,7.0202503,-0.5988151,TAMIL NADU,TIRUVANNAMALAI
-3.1444547,9.150449,-0.67810893,28.067093,0.7854183,2.8667953,-1.8338363,TAMIL NADU,VILUPPURAM
-0.6718874,5.524179,2.2702737,31.348618,2.281473,2.5910308,-1.2617252,TAMIL NADU,SALEM
-4.2728896,8.146995,3.611797,-3.8665223,-0.09147724,6.567997,-2.056992,TAMIL NADU,NAMAKKAL
0.47665825,6.722237,2.324124,12.880761,0.2878016,6.596805,-1.3022494,TAMIL NADU,ERODE
4.425525,-2.6103196,1.0667933,-20.591698,-1.2923987,6.087087,-1.3720508,TAMIL NADU,THE NILGIRIS
3.6062784,4.8406243,3.2783012,13.379872,-2.4139469,7.1826944,-1.1571002,TAMIL NADU,DINDIGUL
-2.733545,2.8750913,2.4848614,-13.782051,-1.4330857,5.371942,-1.7999762,TAMIL NADU,KARUR
-3.2231333,10.540063,-0.0012270231,20.164265,-1.7958641,5.1558385,-0.87804383,TAMIL NADU,TIRUCHIRAPPALLI
-0.14054985,-3.8607197,1.7941004,-25.353605,-1.3073354,4.5590158,-1.7279296,TAMIL NADU,PERAMBALUR
-3.0431857,-3.0980215,0.84761024,-19.080013,-1.0224426,5.6065073,-2.0095074,TAMIL NADU,ARIYALUR
-2.0165913,2.4718904,1.3317827,19.76218,-1.436979,5.343681,-1.0211718,TAMIL NADU,CUDDALORE
-4.6151576,2.586345,-0.6623775,-2.8880472,-1.81047,4.68024,-1.3704371,TAMIL NADU,NAGAPATTINAM
-2.6713157,1.4176586,0.4654781,-11.8053665,-1.1678303,5.361926,-1.4240845,TAMIL NADU,THIRUVARUR
-3.1469007,7.0625305,0.09749968,13.380963,-1.8196319,6.668577,-0.5705569,TAMIL NADU,THANJAVUR
2.0466332,4.689083,4.1329193,-0.7254039,-0.7077703,6.241512,-1.2161627,TAMIL NADU,PUDUKKOTTAI
3.3920357,3.3274448,2.0709517,-4.534011,-0.6512692,5.616643,-1.8146938,TAMIL NADU,SIVAGANGA
-4.72477,7.786669,-0.37256148,22.489212,0.589831,4.521794,-1.0448544,TAMIL NADU,MADURAI
4.111959,4.435496,1.944387,-13.753917,-3.280826,5.825718,-1.5255963,TAMIL NADU,THENI
0.74203616,8.476799,0.9646267,1.8278497,-0.4992134,6.4630575,-1.4870944,TAMIL NADU,VIRUDHUNAGAR
3.3899403,3.2475326,1.2122636,-4.2272143,-0.8051076,5.558737,-1.6270025,TAMIL NADU,RAMANATHAPURAM
-3.2113347,9.148791,0.8205062,1.1002542,0.08586921,6.4425316,-1.4152049,TAMIL NADU,THOOTHUKKUDI
-3.813898,3.0336072,-0.6372424,21.357069,-6.3275833,4.3976564,-0.92019796,TAMIL NADU,TIRUNELVELI
-3.4792747,6.373342,-4.14194,0.9646261,0.014785056,6.620864,-1.4382337,TAMIL NADU,KANNIYAKUMARI
1.6445035,3.328648,-0.16959263,-3.8446538,-1.2730386,5.6450663,-2.225087,TAMIL NADU,DHARMAPURI
-3.1181016,4.0092754,0.28497392,2.2125773,0.70673484,6.1092415,-1.7095942,TAMIL NADU,KRISHNAGIRI
-1.6320702,11.447401,1.2929934,29.832066,3.3420181,1.7393111,-1.2407091,TAMIL NADU,COIMBATORE
-4.9222374,4.9546514,-1.9361581,16.206385,-0.15150057,5.483025,-1.5536532,TAMIL NADU,TIRUPPUR
-5.451744,-9.517706,-1.9818496,-30.232107,-2.5420513,0.20276748,-0.07494794,PUDUCHERRY,YANAM
-3.3577573,5.655903,0.47600958,-17.90201,-1.0861691,2.3056128,1.7748399,PUDUCHERRY,PUDUCHERRY
-5.374234,-9.918296,-4.5944595,-30.415121,-3.0527465,0.98423725,-0.20113797,PUDUCHERRY,MAHE
-6.1008725,-4.3047237,-0.1632844,-29.414017,-2.555709,0.59126186,0.08754759,PUDUCHERRY,KARAIKAL
2.4571319,-10.988663,6.76271,-34.743885,-2.4055202,-0.38617963,7.4199595,ANDAMAN NICOBAR ISLANDS,NICOBARS
2.0700808,-8.288907,-1.2188736,-32.55645,-2.4575174,-1.5215331,13.403187,ANDAMAN NICOBAR ISLANDS,NORTH MIDDLE ANDAMAN
3.1560276,-3.8822756,1.735189,-27.779137,-1.1166295,-5.546916,-0.83451086,ANDAMAN NICOBAR ISLANDS,SOUTH ANDAMAN
